[181月2026 16:50:00.980] [main/INFO] [cpw.mods.modlauncher.Launcher/MODLAUNCHER]: ModLauncher running: args [--launchTarget, forgedatauserdev, --assetIndex, 5, --assetsDir, C:\Users\stard_i5grhqf\.gradle\caches\forge_gradle\assets, --gameDir, ., --fml.forgeVersion, 47.4.0, --fml.mcVersion, 1.20.1, --fml.forgeGroup, net.minecraftforge, --fml.mcpVersion, 20230612.114412, --mod, qliphoth_armaments, --all, --output, C:\Users\stard_i5grhqf\Documents\GitHub\Qliphoth_Armaments\src\generated\resources, --existing, C:\Users\stard_i5grhqf\Documents\GitHub\Qliphoth_Armaments\src\main\resources, --mixin.config, qliphoth_armaments.mixins.json]
[181月2026 16:50:00.986] [main/INFO] [cpw.mods.modlauncher.Launcher/MODLAUNCHER]: ModLauncher 10.0.9+10.0.9+main.dcd20f30 starting: java version 17.0.17 by Microsoft; OS Windows 11 arch amd64 version 10.0
[181月2026 16:50:01.020] [main/DEBUG] [cpw.mods.modlauncher.LaunchServiceHandler/MODLAUNCHER]: Found launch services [fmlclientdev,forgeclient,minecraft,forgegametestserverdev,fmlserveruserdev,fmlclient,fmldatauserdev,forgeserverdev,forgeserveruserdev,forgeclientdev,forgeclientuserdev,forgeserver,forgedatadev,fmlserver,fmlclientuserdev,fmlserverdev,forgedatauserdev,testharness,forgegametestserveruserdev]
[181月2026 16:50:01.040] [main/DEBUG] [cpw.mods.modlauncher.NameMappingServiceHandler/MODLAUNCHER]: Found naming services : [srgtomcp]
[181月2026 16:50:01.052] [main/DEBUG] [cpw.mods.modlauncher.LaunchPluginHandler/MODLAUNCHER]: Found launch plugins: [mixin,eventbus,slf4jfixer,object_holder_definalize,runtime_enum_extender,capability_token_subclass,accesstransformer,runtimedistcleaner]
[181月2026 16:50:01.066] [main/DEBUG] [cpw.mods.modlauncher.TransformationServicesHandler/MODLAUNCHER]: Discovering transformation services
[181月2026 16:50:01.073] [main/DEBUG] [net.minecraftforge.fml.loading.FMLPaths/CORE]: Path GAMEDIR is C:\Users\stard_i5grhqf\Documents\GitHub\Qliphoth_Armaments\run-data
[181月2026 16:50:01.073] [main/DEBUG] [net.minecraftforge.fml.loading.FMLPaths/CORE]: Path MODSDIR is C:\Users\stard_i5grhqf\Documents\GitHub\Qliphoth_Armaments\run-data\mods
[181月2026 16:50:01.073] [main/DEBUG] [net.minecraftforge.fml.loading.FMLPaths/CORE]: Path CONFIGDIR is C:\Users\stard_i5grhqf\Documents\GitHub\Qliphoth_Armaments\run-data\config
[181月2026 16:50:01.073] [main/DEBUG] [net.minecraftforge.fml.loading.FMLPaths/CORE]: Path FMLCONFIG is C:\Users\stard_i5grhqf\Documents\GitHub\Qliphoth_Armaments\run-data\config\fml.toml
[181月2026 16:50:01.100] [main/DEBUG] [cpw.mods.modlauncher.TransformationServicesHandler/MODLAUNCHER]: Found additional transformation services from discovery services: 
[181月2026 16:50:01.106] [main/INFO] [net.minecraftforge.fml.loading.ImmediateWindowHandler/]: ImmediateWindowProvider not loading because launch target is forgedatauserdev
[181月2026 16:50:01.109] [main/DEBUG] [cpw.mods.modlauncher.TransformationServicesHandler/MODLAUNCHER]: Found transformer services : [mixin,fml]
[181月2026 16:50:01.111] [main/DEBUG] [cpw.mods.modlauncher.TransformationServicesHandler/MODLAUNCHER]: Transformation services loading
[181月2026 16:50:01.111] [main/DEBUG] [cpw.mods.modlauncher.TransformationServiceDecorator/MODLAUNCHER]: Loading service mixin
[181月2026 16:50:01.111] [main/DEBUG] [cpw.mods.modlauncher.TransformationServiceDecorator/MODLAUNCHER]: Loaded service mixin
[181月2026 16:50:01.111] [main/DEBUG] [cpw.mods.modlauncher.TransformationServiceDecorator/MODLAUNCHER]: Loading service fml
[181月2026 16:50:01.111] [main/DEBUG] [net.minecraftforge.fml.loading.LauncherVersion/CORE]: Found FMLLauncher version 1.0
[181月2026 16:50:01.111] [main/DEBUG] [net.minecraftforge.fml.loading.FMLLoader/CORE]: FML 1.0 loading
[181月2026 16:50:01.113] [main/DEBUG] [net.minecraftforge.fml.loading.FMLLoader/CORE]: FML found ModLauncher version : 10.0.9+10.0.9+main.dcd20f30
[181月2026 16:50:01.113] [main/DEBUG] [net.minecraftforge.fml.loading.FMLLoader/CORE]: Requesting CoreMods to not apply the fix for ASMAPI.findFirstInstructionBefore by default
[181月2026 16:50:01.113] [main/DEBUG] [net.minecraftforge.fml.loading.FMLLoader/CORE]: FML found AccessTransformer version : 8.0.4+66+master.c09db6d7
[181月2026 16:50:01.113] [main/DEBUG] [net.minecraftforge.fml.loading.FMLLoader/CORE]: FML found EventBus version : 6.0.5+6.0.5+master.eb8e549b
[181月2026 16:50:01.113] [main/DEBUG] [net.minecraftforge.fml.loading.FMLLoader/CORE]: Found Runtime Dist Cleaner
[181月2026 16:50:01.113] [main/DEBUG] [net.minecraftforge.coremod.CoreModEngine/]: CoreMods will preserve legacy behavior of ASMAPI.findFirstInstructionBefore for backwards-compatibility
[181月2026 16:50:01.116] [main/DEBUG] [net.minecraftforge.fml.loading.FMLLoader/CORE]: FML found CoreMod version : 5.2.4
[181月2026 16:50:01.116] [main/DEBUG] [net.minecraftforge.fml.loading.FMLLoader/CORE]: Found ForgeSPI package implementation version 7.0.1+7.0.1+master.d2b38bf6
[181月2026 16:50:01.116] [main/DEBUG] [net.minecraftforge.fml.loading.FMLLoader/CORE]: Found ForgeSPI package specification 5
[181月2026 16:50:01.116] [main/DEBUG] [cpw.mods.modlauncher.TransformationServiceDecorator/MODLAUNCHER]: Loaded service fml
[181月2026 16:50:01.116] [main/DEBUG] [cpw.mods.modlauncher.TransformationServicesHandler/MODLAUNCHER]: Configuring option handling for services
[181月2026 16:50:01.122] [main/DEBUG] [cpw.mods.modlauncher.TransformationServicesHandler/MODLAUNCHER]: Transformation services initializing
[181月2026 16:50:01.122] [main/DEBUG] [cpw.mods.modlauncher.TransformationServiceDecorator/MODLAUNCHER]: Initializing transformation service mixin
[181月2026 16:50:01.136] [main/DEBUG] [mixin/]: MixinService [ModLauncher] was successfully booted in cpw.mods.cl.ModuleClassLoader@63355449
[181月2026 16:50:01.146] [main/INFO] [mixin/]: SpongePowered MIXIN Subsystem Version=0.8.5 Source=union:/C:/Users/stard_i5grhqf/.gradle/caches/modules-2/files-2.1/org.spongepowered/mixin/0.8.5/9d1c0c3a304ae6697ecd477218fa61b850bf57fc/mixin-0.8.5.jar%23128!/ Service=ModLauncher Env=CLIENT
[181月2026 16:50:01.151] [main/DEBUG] [mixin/]: Initialising Mixin Platform Manager
[181月2026 16:50:01.151] [main/DEBUG] [mixin/]: Adding mixin platform agents for container ModLauncher Root Container(ModLauncher:4f56a0a2)
[181月2026 16:50:01.151] [main/DEBUG] [mixin/]: Instancing new MixinPlatformAgentMinecraftForge for ModLauncher Root Container(ModLauncher:4f56a0a2)
[181月2026 16:50:01.151] [main/DEBUG] [mixin/]: MixinPlatformAgentMinecraftForge rejected container ModLauncher Root Container(ModLauncher:4f56a0a2)
[181月2026 16:50:01.151] [main/DEBUG] [mixin/]: Instancing new MixinPlatformAgentDefault for ModLauncher Root Container(ModLauncher:4f56a0a2)
[181月2026 16:50:01.151] [main/DEBUG] [mixin/]: MixinPlatformAgentDefault accepted container ModLauncher Root Container(ModLauncher:4f56a0a2)
[181月2026 16:50:01.151] [main/DEBUG] [cpw.mods.modlauncher.TransformationServiceDecorator/MODLAUNCHER]: Initialized transformation service mixin
[181月2026 16:50:01.151] [main/DEBUG] [cpw.mods.modlauncher.TransformationServiceDecorator/MODLAUNCHER]: Initializing transformation service fml
[181月2026 16:50:01.151] [main/DEBUG] [net.minecraftforge.fml.loading.FMLServiceProvider/CORE]: Setting up basic FML game directories
[181月2026 16:50:01.151] [main/DEBUG] [net.minecraftforge.fml.loading.FMLPaths/CORE]: Path GAMEDIR is C:\Users\stard_i5grhqf\Documents\GitHub\Qliphoth_Armaments\run-data
[181月2026 16:50:01.151] [main/DEBUG] [net.minecraftforge.fml.loading.FMLPaths/CORE]: Path MODSDIR is C:\Users\stard_i5grhqf\Documents\GitHub\Qliphoth_Armaments\run-data\mods
[181月2026 16:50:01.151] [main/DEBUG] [net.minecraftforge.fml.loading.FMLPaths/CORE]: Path CONFIGDIR is C:\Users\stard_i5grhqf\Documents\GitHub\Qliphoth_Armaments\run-data\config
[181月2026 16:50:01.156] [main/DEBUG] [net.minecraftforge.fml.loading.FMLPaths/CORE]: Path FMLCONFIG is C:\Users\stard_i5grhqf\Documents\GitHub\Qliphoth_Armaments\run-data\config\fml.toml
[181月2026 16:50:01.156] [main/DEBUG] [net.minecraftforge.fml.loading.FMLServiceProvider/CORE]: Loading configuration
[181月2026 16:50:01.156] [main/DEBUG] [net.minecraftforge.fml.loading.FMLServiceProvider/CORE]: Preparing ModFile
[181月2026 16:50:01.156] [main/DEBUG] [net.minecraftforge.fml.loading.FMLServiceProvider/CORE]: Preparing launch handler
[181月2026 16:50:01.156] [main/DEBUG] [net.minecraftforge.fml.loading.FMLLoader/CORE]: Using forgedatauserdev as launch service
[181月2026 16:50:01.170] [main/DEBUG] [net.minecraftforge.fml.loading.FMLLoader/CORE]: Received command line version data  : VersionInfo[forgeVersion=47.4.0, mcVersion=1.20.1, mcpVersion=20230612.114412, forgeGroup=net.minecraftforge]
[181月2026 16:50:01.172] [main/DEBUG] [cpw.mods.modlauncher.TransformationServiceDecorator/MODLAUNCHER]: Initialized transformation service fml
[181月2026 16:50:01.173] [main/DEBUG] [cpw.mods.modlauncher.NameMappingServiceHandler/MODLAUNCHER]: Current naming domain is 'mcp'
[181月2026 16:50:01.173] [main/DEBUG] [cpw.mods.modlauncher.NameMappingServiceHandler/MODLAUNCHER]: Identified name mapping providers {srg=srgtomcp:1234}
[181月2026 16:50:01.173] [main/DEBUG] [cpw.mods.modlauncher.TransformationServicesHandler/MODLAUNCHER]: Transformation services begin scanning
[181月2026 16:50:01.173] [main/DEBUG] [cpw.mods.modlauncher.TransformationServiceDecorator/MODLAUNCHER]: Beginning scan trigger - transformation service mixin
[181月2026 16:50:01.173] [main/DEBUG] [cpw.mods.modlauncher.TransformationServiceDecorator/MODLAUNCHER]: End scan trigger - transformation service mixin
[181月2026 16:50:01.173] [main/DEBUG] [cpw.mods.modlauncher.TransformationServiceDecorator/MODLAUNCHER]: Beginning scan trigger - transformation service fml
[181月2026 16:50:01.173] [main/DEBUG] [net.minecraftforge.fml.loading.FMLServiceProvider/CORE]: Initiating mod scan
[181月2026 16:50:01.176] [main/DEBUG] [net.minecraftforge.fml.loading.moddiscovery.ModListHandler/CORE]: Found mod coordinates from lists: []
[181月2026 16:50:01.186] [main/DEBUG] [net.minecraftforge.fml.loading.moddiscovery.ModDiscoverer/CORE]: Found Mod Locators : (mods folder:null),(maven libs:null),(exploded directory:null),(minecraft:null),(userdev classpath:null)
[181月2026 16:50:01.188] [main/DEBUG] [net.minecraftforge.fml.loading.moddiscovery.ModDiscoverer/CORE]: Found Dependency Locators : (JarInJar:null)
[181月2026 16:50:01.188] [main/DEBUG] [net.minecraftforge.fml.loading.targets.CommonLaunchHandler/CORE]: Got mod coordinates qliphoth_armaments%%C:\Users\stard_i5grhqf\Documents\GitHub\Qliphoth_Armaments\build\resources\main;qliphoth_armaments%%C:\Users\stard_i5grhqf\Documents\GitHub\Qliphoth_Armaments\build\classes\java\main from env
[181月2026 16:50:01.188] [main/DEBUG] [net.minecraftforge.fml.loading.targets.CommonLaunchHandler/CORE]: Found supplied mod coordinates [{qliphoth_armaments=[C:\Users\stard_i5grhqf\Documents\GitHub\Qliphoth_Armaments\build\resources\main, C:\Users\stard_i5grhqf\Documents\GitHub\Qliphoth_Armaments\build\classes\java\main]}]
[181月2026 16:50:01.390] [main/DEBUG] [net.minecraftforge.fml.loading.moddiscovery.ModFileInfo/LOADING]: Found valid mod file forge-1.20.1-47.4.0_mapped_parchment_2023.09.03-1.20.1-recomp.jar with {minecraft} mods - versions {1.20.1}
[181月2026 16:50:01.400] [main/DEBUG] [net.minecraftforge.fml.loading.moddiscovery.ModFileParser/LOADING]: Considering mod file candidate C:\Users\stard_i5grhqf\.gradle\caches\modules-2\files-2.1\net.minecraftforge\javafmllanguage\1.20.1-47.4.0\f0c0b352173d0a378cbdcec9cfc4ba65899a721\javafmllanguage-1.20.1-47.4.0.jar
[181月2026 16:50:01.400] [main/WARN] [net.minecraftforge.fml.loading.moddiscovery.ModFileParser/LOADING]: Mod file C:\Users\stard_i5grhqf\.gradle\caches\modules-2\files-2.1\net.minecraftforge\javafmllanguage\1.20.1-47.4.0\f0c0b352173d0a378cbdcec9cfc4ba65899a721\javafmllanguage-1.20.1-47.4.0.jar is missing mods.toml file
[181月2026 16:50:01.408] [main/DEBUG] [net.minecraftforge.fml.loading.moddiscovery.ModFileParser/LOADING]: Considering mod file candidate C:\Users\stard_i5grhqf\.gradle\caches\modules-2\files-2.1\net.minecraftforge\lowcodelanguage\1.20.1-47.4.0\e862740d8c84d08dbfedea412bef88fe42e727c5\lowcodelanguage-1.20.1-47.4.0.jar
[181月2026 16:50:01.408] [main/WARN] [net.minecraftforge.fml.loading.moddiscovery.ModFileParser/LOADING]: Mod file C:\Users\stard_i5grhqf\.gradle\caches\modules-2\files-2.1\net.minecraftforge\lowcodelanguage\1.20.1-47.4.0\e862740d8c84d08dbfedea412bef88fe42e727c5\lowcodelanguage-1.20.1-47.4.0.jar is missing mods.toml file
[181月2026 16:50:01.408] [main/DEBUG] [net.minecraftforge.fml.loading.moddiscovery.ModFileParser/LOADING]: Considering mod file candidate C:\Users\stard_i5grhqf\.gradle\caches\modules-2\files-2.1\net.minecraftforge\mclanguage\1.20.1-47.4.0\5719b3a297a33f877ed5dde4cb4bd75c859096af\mclanguage-1.20.1-47.4.0.jar
[181月2026 16:50:01.408] [main/WARN] [net.minecraftforge.fml.loading.moddiscovery.ModFileParser/LOADING]: Mod file C:\Users\stard_i5grhqf\.gradle\caches\modules-2\files-2.1\net.minecraftforge\mclanguage\1.20.1-47.4.0\5719b3a297a33f877ed5dde4cb4bd75c859096af\mclanguage-1.20.1-47.4.0.jar is missing mods.toml file
[181月2026 16:50:01.416] [main/DEBUG] [net.minecraftforge.fml.loading.moddiscovery.ModFileParser/LOADING]: Considering mod file candidate C:\Users\stard_i5grhqf\.gradle\caches\modules-2\files-2.1\net.minecraftforge\fmlcore\1.20.1-47.4.0\235975dafa4309945b59c56b53f31dc5b65a6051\fmlcore-1.20.1-47.4.0.jar
[181月2026 16:50:01.416] [main/WARN] [net.minecraftforge.fml.loading.moddiscovery.ModFileParser/LOADING]: Mod file C:\Users\stard_i5grhqf\.gradle\caches\modules-2\files-2.1\net.minecraftforge\fmlcore\1.20.1-47.4.0\235975dafa4309945b59c56b53f31dc5b65a6051\fmlcore-1.20.1-47.4.0.jar is missing mods.toml file
[181月2026 16:50:01.422] [main/DEBUG] [net.minecraftforge.fml.loading.moddiscovery.ModFileParser/LOADING]: Considering mod file candidate C:\Users\stard_i5grhqf\Documents\GitHub\Qliphoth_Armaments\build\resources\main
[181月2026 16:50:01.427] [main/DEBUG] [net.minecraftforge.fml.loading.moddiscovery.ModFileInfo/LOADING]: Found valid mod file main with {qliphoth_armaments} mods - versions {1.20.1-1.2.0}
[181月2026 16:50:01.427] [main/DEBUG] [net.minecraftforge.fml.loading.moddiscovery.ModFileParser/LOADING]: Considering mod file candidate /
[181月2026 16:50:01.427] [main/DEBUG] [net.minecraftforge.fml.loading.moddiscovery.ModFileInfo/LOADING]: Found valid mod file  with {forge} mods - versions {47.4.0}
[181月2026 16:50:01.456] [main/DEBUG] [net.minecraftforge.fml.loading.moddiscovery.ModFileParser/LOADING]: Considering mod file candidate C:\Users\stard_i5grhqf\.gradle\caches\forge_gradle\deobf_dependencies\curse\maven\spark-361579\4738952_mapped_parchment_2023.09.03-1.20.1\spark-361579-4738952_mapped_parchment_2023.09.03-1.20.1.jar
[181月2026 16:50:01.456] [main/DEBUG] [net.minecraftforge.fml.loading.moddiscovery.ModFileInfo/LOADING]: Found valid mod file spark-361579-4738952_mapped_parchment_2023.09.03-1.20.1.jar with {spark} mods - versions {1.10.53}
[181月2026 16:50:01.456] [main/DEBUG] [net.minecraftforge.fml.loading.moddiscovery.ModFileParser/LOADING]: Considering mod file candidate C:\Users\stard_i5grhqf\.gradle\caches\forge_gradle\deobf_dependencies\curse\maven\appleskin-248787\4770828_mapped_parchment_2023.09.03-1.20.1\appleskin-248787-4770828_mapped_parchment_2023.09.03-1.20.1.jar
[181月2026 16:50:01.466] [main/DEBUG] [net.minecraftforge.fml.loading.moddiscovery.ModFileInfo/LOADING]: Found valid mod file appleskin-248787-4770828_mapped_parchment_2023.09.03-1.20.1.jar with {appleskin} mods - versions {2.5.1+mc1.20.1}
[181月2026 16:50:01.470] [main/DEBUG] [net.minecraftforge.fml.loading.moddiscovery.ModFileParser/LOADING]: Considering mod file candidate C:\Users\stard_i5grhqf\.gradle\caches\forge_gradle\deobf_dependencies\curse\maven\mmmmmmmmmmmm-225738\6860192_mapped_parchment_2023.09.03-1.20.1\mmmmmmmmmmmm-225738-6860192_mapped_parchment_2023.09.03-1.20.1.jar
[181月2026 16:50:01.473] [main/DEBUG] [net.minecraftforge.fml.loading.moddiscovery.ModFileInfo/LOADING]: Found valid mod file mmmmmmmmmmmm-225738-6860192_mapped_parchment_2023.09.03-1.20.1.jar with {dummmmmmy} mods - versions {1.20-2.0.9}
[181月2026 16:50:01.486] [main/DEBUG] [net.minecraftforge.fml.loading.moddiscovery.ModFileParser/LOADING]: Considering mod file candidate C:\Users\stard_i5grhqf\.gradle\caches\forge_gradle\deobf_dependencies\curse\maven\selene-499980\7191950_mapped_parchment_2023.09.03-1.20.1\selene-499980-7191950_mapped_parchment_2023.09.03-1.20.1.jar
[181月2026 16:50:01.489] [main/DEBUG] [net.minecraftforge.fml.loading.moddiscovery.ModFileInfo/LOADING]: Found valid mod file selene-499980-7191950_mapped_parchment_2023.09.03-1.20.1.jar with {moonlight} mods - versions {1.20-2.16.16}
[181月2026 16:50:01.489] [main/DEBUG] [net.minecraftforge.fml.loading.moddiscovery.ModFileParser/LOADING]: Considering mod file candidate C:\Users\stard_i5grhqf\.gradle\caches\forge_gradle\deobf_dependencies\curse\maven\shoulder-surfing-reloaded-243190\7305583_mapped_parchment_2023.09.03-1.20.1\shoulder-surfing-reloaded-243190-7305583_mapped_parchment_2023.09.03-1.20.1.jar
[181月2026 16:50:01.489] [main/DEBUG] [net.minecraftforge.fml.loading.moddiscovery.ModFileInfo/LOADING]: Found valid mod file shoulder-surfing-reloaded-243190-7305583_mapped_parchment_2023.09.03-1.20.1.jar with {shouldersurfing} mods - versions {1.20.1-4.17.0}
[181月2026 16:50:01.496] [main/DEBUG] [net.minecraftforge.fml.loading.moddiscovery.ModFileParser/LOADING]: Considering mod file candidate C:\Users\stard_i5grhqf\.gradle\caches\forge_gradle\deobf_dependencies\curse\maven\qliphoth-awakening-1271707\7478141_mapped_parchment_2023.09.03-1.20.1\qliphoth-awakening-1271707-7478141_mapped_parchment_2023.09.03-1.20.1.jar
[181月2026 16:50:01.496] [main/DEBUG] [net.minecraftforge.fml.loading.moddiscovery.ModFileInfo/LOADING]: Found valid mod file qliphoth-awakening-1271707-7478141_mapped_parchment_2023.09.03-1.20.1.jar with {fdbosses} mods - versions {3.1.0}
[181月2026 16:50:01.506] [main/DEBUG] [net.minecraftforge.fml.loading.moddiscovery.ModFileParser/LOADING]: Considering mod file candidate C:\Users\stard_i5grhqf\.gradle\caches\forge_gradle\deobf_dependencies\curse\maven\fdlib-1271749\7478123_mapped_parchment_2023.09.03-1.20.1\fdlib-1271749-7478123_mapped_parchment_2023.09.03-1.20.1.jar
[181月2026 16:50:01.506] [main/DEBUG] [net.minecraftforge.fml.loading.moddiscovery.ModFileInfo/LOADING]: Found valid mod file fdlib-1271749-7478123_mapped_parchment_2023.09.03-1.20.1.jar with {fdlib} mods - versions {1.0.7}
[181月2026 16:50:01.512] [main/DEBUG] [net.minecraftforge.fml.loading.moddiscovery.ModFileParser/LOADING]: Considering mod file candidate C:\Users\stard_i5grhqf\.gradle\caches\forge_gradle\deobf_dependencies\curse\maven\construction-wand-399558\4684054_mapped_parchment_2023.09.03-1.20.1\construction-wand-399558-4684054_mapped_parchment_2023.09.03-1.20.1.jar
[181月2026 16:50:01.512] [main/DEBUG] [net.minecraftforge.fml.loading.moddiscovery.ModFileInfo/LOADING]: Found valid mod file construction-wand-399558-4684054_mapped_parchment_2023.09.03-1.20.1.jar with {constructionwand} mods - versions {1.20.1-2.11}
[181月2026 16:50:01.518] [main/DEBUG] [net.minecraftforge.fml.loading.moddiscovery.ModFileParser/LOADING]: Considering mod file candidate C:\Users\stard_i5grhqf\.gradle\caches\forge_gradle\deobf_dependencies\curse\maven\lendercataclysm-551586\6906993_mapped_parchment_2023.09.03-1.20.1\lendercataclysm-551586-6906993_mapped_parchment_2023.09.03-1.20.1.jar
[181月2026 16:50:01.519] [main/DEBUG] [net.minecraftforge.fml.loading.moddiscovery.ModFileInfo/LOADING]: Found valid mod file lendercataclysm-551586-6906993_mapped_parchment_2023.09.03-1.20.1.jar with {cataclysm} mods - versions {3.16}
[181月2026 16:50:01.523] [main/DEBUG] [net.minecraftforge.fml.loading.moddiscovery.ModFileParser/LOADING]: Considering mod file candidate C:\Users\stard_i5grhqf\.gradle\caches\forge_gradle\deobf_dependencies\curse\maven\better-combat-by-daedelus-639842\7287334_mapped_parchment_2023.09.03-1.20.1\better-combat-by-daedelus-639842-7287334_mapped_parchment_2023.09.03-1.20.1.jar
[181月2026 16:50:01.526] [main/DEBUG] [net.minecraftforge.fml.loading.moddiscovery.ModFileInfo/LOADING]: Found valid mod file better-combat-by-daedelus-639842-7287334_mapped_parchment_2023.09.03-1.20.1.jar with {bettercombat} mods - versions {1.9.0+1.20.1}
[181月2026 16:50:01.528] [main/DEBUG] [net.minecraftforge.fml.loading.moddiscovery.ModFileParser/LOADING]: Considering mod file candidate C:\Users\stard_i5grhqf\.gradle\caches\forge_gradle\deobf_dependencies\curse\maven\cloth-config-348521\5729105_mapped_parchment_2023.09.03-1.20.1\cloth-config-348521-5729105_mapped_parchment_2023.09.03-1.20.1.jar
[181月2026 16:50:01.528] [main/DEBUG] [net.minecraftforge.fml.loading.moddiscovery.ModFileInfo/LOADING]: Found valid mod file cloth-config-348521-5729105_mapped_parchment_2023.09.03-1.20.1.jar with {cloth_config} mods - versions {11.1.136}
[181月2026 16:50:01.536] [main/DEBUG] [net.minecraftforge.fml.loading.moddiscovery.ModFileParser/LOADING]: Considering mod file candidate C:\Users\stard_i5grhqf\.gradle\caches\forge_gradle\deobf_dependencies\curse\maven\curios-309927\6418456_mapped_parchment_2023.09.03-1.20.1\curios-309927-6418456_mapped_parchment_2023.09.03-1.20.1.jar
[181月2026 16:50:01.536] [main/DEBUG] [net.minecraftforge.fml.loading.moddiscovery.ModFileInfo/LOADING]: Found valid mod file curios-309927-6418456_mapped_parchment_2023.09.03-1.20.1.jar with {curios} mods - versions {5.14.1+1.20.1}
[181月2026 16:50:01.538] [main/DEBUG] [net.minecraftforge.fml.loading.moddiscovery.ModFileParser/LOADING]: Considering mod file candidate C:\Users\stard_i5grhqf\.gradle\caches\forge_gradle\deobf_dependencies\curse\maven\playeranimator-658587\4587214_mapped_parchment_2023.09.03-1.20.1\playeranimator-658587-4587214_mapped_parchment_2023.09.03-1.20.1.jar
[181月2026 16:50:01.538] [main/DEBUG] [net.minecraftforge.fml.loading.moddiscovery.ModFileInfo/LOADING]: Found valid mod file playeranimator-658587-4587214_mapped_parchment_2023.09.03-1.20.1.jar with {playeranimator} mods - versions {1.0.2-rc1+1.20}
[181月2026 16:50:01.546] [main/DEBUG] [net.minecraftforge.fml.loading.moddiscovery.ModFileParser/LOADING]: Considering mod file candidate C:\Users\stard_i5grhqf\.gradle\caches\forge_gradle\deobf_dependencies\curse\maven\lionfish-api-1001614\5922047_mapped_parchment_2023.09.03-1.20.1\lionfish-api-1001614-5922047_mapped_parchment_2023.09.03-1.20.1.jar
[181月2026 16:50:01.546] [main/DEBUG] [net.minecraftforge.fml.loading.moddiscovery.ModFileInfo/LOADING]: Found valid mod file lionfish-api-1001614-5922047_mapped_parchment_2023.09.03-1.20.1.jar with {lionfishapi} mods - versions {2.4-Fix}
[181月2026 16:50:01.551] [main/DEBUG] [net.minecraftforge.fml.loading.moddiscovery.ModFileParser/LOADING]: Considering mod file candidate C:\Users\stard_i5grhqf\.gradle\caches\forge_gradle\deobf_dependencies\mezz\jei\jei-1.20.1-forge\15.20.0.105_mapped_parchment_2023.09.03-1.20.1\jei-1.20.1-forge-15.20.0.105_mapped_parchment_2023.09.03-1.20.1.jar
[181月2026 16:50:01.551] [main/DEBUG] [net.minecraftforge.fml.loading.moddiscovery.ModFileInfo/LOADING]: Found valid mod file jei-1.20.1-forge-15.20.0.105_mapped_parchment_2023.09.03-1.20.1.jar with {jei} mods - versions {15.20.0.105}
[181月2026 16:50:01.560] [main/DEBUG] [net.minecraftforge.fml.loading.moddiscovery.ModFileParser/LOADING]: Considering mod file candidate C:\Users\stard_i5grhqf\.gradle\caches\forge_gradle\deobf_dependencies\curse\maven\jade-324717\5672013_mapped_parchment_2023.09.03-1.20.1\jade-324717-5672013_mapped_parchment_2023.09.03-1.20.1.jar
[181月2026 16:50:01.560] [main/DEBUG] [net.minecraftforge.fml.loading.moddiscovery.ModFileInfo/LOADING]: Found valid mod file jade-324717-5672013_mapped_parchment_2023.09.03-1.20.1.jar with {jade} mods - versions {11.11.1+forge}
[181月2026 16:50:01.566] [main/DEBUG] [net.minecraftforge.fml.loading.moddiscovery.ModFileParser/LOADING]: Considering mod file candidate C:\Users\stard_i5grhqf\.gradle\caches\forge_gradle\deobf_dependencies\curse\maven\spark-361579\4738952_mapped_parchment_2023.09.03-1.20.1\spark-361579-4738952_mapped_parchment_2023.09.03-1.20.1.jar
[181月2026 16:50:01.566] [main/DEBUG] [net.minecraftforge.fml.loading.moddiscovery.ModFileInfo/LOADING]: Found valid mod file spark-361579-4738952_mapped_parchment_2023.09.03-1.20.1.jar with {spark} mods - versions {1.10.53}
[181月2026 16:50:01.570] [main/DEBUG] [net.minecraftforge.fml.loading.moddiscovery.ModFileParser/LOADING]: Considering mod file candidate C:\Users\stard_i5grhqf\.gradle\caches\forge_gradle\deobf_dependencies\curse\maven\appleskin-248787\4770828_mapped_parchment_2023.09.03-1.20.1\appleskin-248787-4770828_mapped_parchment_2023.09.03-1.20.1.jar
[181月2026 16:50:01.572] [main/DEBUG] [net.minecraftforge.fml.loading.moddiscovery.ModFileInfo/LOADING]: Found valid mod file appleskin-248787-4770828_mapped_parchment_2023.09.03-1.20.1.jar with {appleskin} mods - versions {2.5.1+mc1.20.1}
[181月2026 16:50:01.576] [main/DEBUG] [net.minecraftforge.fml.loading.moddiscovery.ModFileParser/LOADING]: Considering mod file candidate C:\Users\stard_i5grhqf\.gradle\caches\forge_gradle\deobf_dependencies\curse\maven\mmmmmmmmmmmm-225738\6860192_mapped_parchment_2023.09.03-1.20.1\mmmmmmmmmmmm-225738-6860192_mapped_parchment_2023.09.03-1.20.1.jar
[181月2026 16:50:01.576] [main/DEBUG] [net.minecraftforge.fml.loading.moddiscovery.ModFileInfo/LOADING]: Found valid mod file mmmmmmmmmmmm-225738-6860192_mapped_parchment_2023.09.03-1.20.1.jar with {dummmmmmy} mods - versions {1.20-2.0.9}
[181月2026 16:50:01.581] [main/DEBUG] [net.minecraftforge.fml.loading.moddiscovery.ModFileParser/LOADING]: Considering mod file candidate C:\Users\stard_i5grhqf\.gradle\caches\forge_gradle\deobf_dependencies\curse\maven\selene-499980\7191950_mapped_parchment_2023.09.03-1.20.1\selene-499980-7191950_mapped_parchment_2023.09.03-1.20.1.jar
[181月2026 16:50:01.581] [main/DEBUG] [net.minecraftforge.fml.loading.moddiscovery.ModFileInfo/LOADING]: Found valid mod file selene-499980-7191950_mapped_parchment_2023.09.03-1.20.1.jar with {moonlight} mods - versions {1.20-2.16.16}
[181月2026 16:50:01.588] [main/DEBUG] [net.minecraftforge.fml.loading.moddiscovery.ModFileParser/LOADING]: Considering mod file candidate C:\Users\stard_i5grhqf\.gradle\caches\forge_gradle\deobf_dependencies\curse\maven\shoulder-surfing-reloaded-243190\7305583_mapped_parchment_2023.09.03-1.20.1\shoulder-surfing-reloaded-243190-7305583_mapped_parchment_2023.09.03-1.20.1.jar
[181月2026 16:50:01.588] [main/DEBUG] [net.minecraftforge.fml.loading.moddiscovery.ModFileInfo/LOADING]: Found valid mod file shoulder-surfing-reloaded-243190-7305583_mapped_parchment_2023.09.03-1.20.1.jar with {shouldersurfing} mods - versions {1.20.1-4.17.0}
[181月2026 16:50:01.594] [main/DEBUG] [net.minecraftforge.fml.loading.moddiscovery.ModFileParser/LOADING]: Considering mod file candidate C:\Users\stard_i5grhqf\.gradle\caches\forge_gradle\deobf_dependencies\curse\maven\qliphoth-awakening-1271707\7478141_mapped_parchment_2023.09.03-1.20.1\qliphoth-awakening-1271707-7478141_mapped_parchment_2023.09.03-1.20.1.jar
[181月2026 16:50:01.594] [main/DEBUG] [net.minecraftforge.fml.loading.moddiscovery.ModFileInfo/LOADING]: Found valid mod file qliphoth-awakening-1271707-7478141_mapped_parchment_2023.09.03-1.20.1.jar with {fdbosses} mods - versions {3.1.0}
[181月2026 16:50:01.597] [main/DEBUG] [net.minecraftforge.fml.loading.moddiscovery.ModFileParser/LOADING]: Considering mod file candidate C:\Users\stard_i5grhqf\.gradle\caches\forge_gradle\deobf_dependencies\curse\maven\fdlib-1271749\7478123_mapped_parchment_2023.09.03-1.20.1\fdlib-1271749-7478123_mapped_parchment_2023.09.03-1.20.1.jar
[181月2026 16:50:01.597] [main/DEBUG] [net.minecraftforge.fml.loading.moddiscovery.ModFileInfo/LOADING]: Found valid mod file fdlib-1271749-7478123_mapped_parchment_2023.09.03-1.20.1.jar with {fdlib} mods - versions {1.0.7}
[181月2026 16:50:01.606] [main/DEBUG] [net.minecraftforge.fml.loading.moddiscovery.ModFileParser/LOADING]: Considering mod file candidate C:\Users\stard_i5grhqf\.gradle\caches\forge_gradle\deobf_dependencies\curse\maven\construction-wand-399558\4684054_mapped_parchment_2023.09.03-1.20.1\construction-wand-399558-4684054_mapped_parchment_2023.09.03-1.20.1.jar
[181月2026 16:50:01.606] [main/DEBUG] [net.minecraftforge.fml.loading.moddiscovery.ModFileInfo/LOADING]: Found valid mod file construction-wand-399558-4684054_mapped_parchment_2023.09.03-1.20.1.jar with {constructionwand} mods - versions {1.20.1-2.11}
[181月2026 16:50:01.613] [main/DEBUG] [net.minecraftforge.fml.loading.moddiscovery.ModFileParser/LOADING]: Considering mod file candidate C:\Users\stard_i5grhqf\.gradle\caches\forge_gradle\deobf_dependencies\curse\maven\lendercataclysm-551586\6906993_mapped_parchment_2023.09.03-1.20.1\lendercataclysm-551586-6906993_mapped_parchment_2023.09.03-1.20.1.jar
[181月2026 16:50:01.614] [main/DEBUG] [net.minecraftforge.fml.loading.moddiscovery.ModFileInfo/LOADING]: Found valid mod file lendercataclysm-551586-6906993_mapped_parchment_2023.09.03-1.20.1.jar with {cataclysm} mods - versions {3.16}
[181月2026 16:50:01.616] [main/DEBUG] [net.minecraftforge.fml.loading.moddiscovery.ModFileParser/LOADING]: Considering mod file candidate C:\Users\stard_i5grhqf\.gradle\caches\forge_gradle\deobf_dependencies\curse\maven\better-combat-by-daedelus-639842\7287334_mapped_parchment_2023.09.03-1.20.1\better-combat-by-daedelus-639842-7287334_mapped_parchment_2023.09.03-1.20.1.jar
[181月2026 16:50:01.620] [main/DEBUG] [net.minecraftforge.fml.loading.moddiscovery.ModFileInfo/LOADING]: Found valid mod file better-combat-by-daedelus-639842-7287334_mapped_parchment_2023.09.03-1.20.1.jar with {bettercombat} mods - versions {1.9.0+1.20.1}
[181月2026 16:50:01.623] [main/DEBUG] [net.minecraftforge.fml.loading.moddiscovery.ModFileParser/LOADING]: Considering mod file candidate C:\Users\stard_i5grhqf\.gradle\caches\forge_gradle\deobf_dependencies\curse\maven\cloth-config-348521\5729105_mapped_parchment_2023.09.03-1.20.1\cloth-config-348521-5729105_mapped_parchment_2023.09.03-1.20.1.jar
[181月2026 16:50:01.623] [main/DEBUG] [net.minecraftforge.fml.loading.moddiscovery.ModFileInfo/LOADING]: Found valid mod file cloth-config-348521-5729105_mapped_parchment_2023.09.03-1.20.1.jar with {cloth_config} mods - versions {11.1.136}
[181月2026 16:50:01.629] [main/DEBUG] [net.minecraftforge.fml.loading.moddiscovery.ModFileParser/LOADING]: Considering mod file candidate C:\Users\stard_i5grhqf\.gradle\caches\forge_gradle\deobf_dependencies\curse\maven\curios-309927\6418456_mapped_parchment_2023.09.03-1.20.1\curios-309927-6418456_mapped_parchment_2023.09.03-1.20.1.jar
[181月2026 16:50:01.629] [main/DEBUG] [net.minecraftforge.fml.loading.moddiscovery.ModFileInfo/LOADING]: Found valid mod file curios-309927-6418456_mapped_parchment_2023.09.03-1.20.1.jar with {curios} mods - versions {5.14.1+1.20.1}
[181月2026 16:50:01.634] [main/DEBUG] [net.minecraftforge.fml.loading.moddiscovery.ModFileParser/LOADING]: Considering mod file candidate C:\Users\stard_i5grhqf\.gradle\caches\forge_gradle\deobf_dependencies\curse\maven\playeranimator-658587\4587214_mapped_parchment_2023.09.03-1.20.1\playeranimator-658587-4587214_mapped_parchment_2023.09.03-1.20.1.jar
[181月2026 16:50:01.636] [main/DEBUG] [net.minecraftforge.fml.loading.moddiscovery.ModFileInfo/LOADING]: Found valid mod file playeranimator-658587-4587214_mapped_parchment_2023.09.03-1.20.1.jar with {playeranimator} mods - versions {1.0.2-rc1+1.20}
[181月2026 16:50:01.640] [main/DEBUG] [net.minecraftforge.fml.loading.moddiscovery.ModFileParser/LOADING]: Considering mod file candidate C:\Users\stard_i5grhqf\.gradle\caches\forge_gradle\deobf_dependencies\curse\maven\lionfish-api-1001614\5922047_mapped_parchment_2023.09.03-1.20.1\lionfish-api-1001614-5922047_mapped_parchment_2023.09.03-1.20.1.jar
[181月2026 16:50:01.640] [main/DEBUG] [net.minecraftforge.fml.loading.moddiscovery.ModFileInfo/LOADING]: Found valid mod file lionfish-api-1001614-5922047_mapped_parchment_2023.09.03-1.20.1.jar with {lionfishapi} mods - versions {2.4-Fix}
[181月2026 16:50:01.646] [main/DEBUG] [net.minecraftforge.fml.loading.moddiscovery.ModFileParser/LOADING]: Considering mod file candidate C:\Users\stard_i5grhqf\.gradle\caches\forge_gradle\deobf_dependencies\mezz\jei\jei-1.20.1-forge\15.20.0.105_mapped_parchment_2023.09.03-1.20.1\jei-1.20.1-forge-15.20.0.105_mapped_parchment_2023.09.03-1.20.1.jar
[181月2026 16:50:01.646] [main/DEBUG] [net.minecraftforge.fml.loading.moddiscovery.ModFileInfo/LOADING]: Found valid mod file jei-1.20.1-forge-15.20.0.105_mapped_parchment_2023.09.03-1.20.1.jar with {jei} mods - versions {15.20.0.105}
[181月2026 16:50:01.651] [main/DEBUG] [net.minecraftforge.fml.loading.moddiscovery.ModFileParser/LOADING]: Considering mod file candidate C:\Users\stard_i5grhqf\.gradle\caches\forge_gradle\deobf_dependencies\curse\maven\jade-324717\5672013_mapped_parchment_2023.09.03-1.20.1\jade-324717-5672013_mapped_parchment_2023.09.03-1.20.1.jar
[181月2026 16:50:01.651] [main/DEBUG] [net.minecraftforge.fml.loading.moddiscovery.ModFileInfo/LOADING]: Found valid mod file jade-324717-5672013_mapped_parchment_2023.09.03-1.20.1.jar with {jade} mods - versions {11.11.1+forge}
[181月2026 16:50:01.655] [main/DEBUG] [net.minecraftforge.fml.loading.UniqueModListBuilder/]: Found 2 mods for first modid moonlight, selecting most recent based on version data
[181月2026 16:50:01.656] [main/DEBUG] [net.minecraftforge.fml.loading.UniqueModListBuilder/]: Selected file selene-499980-7191950_mapped_parchment_2023.09.03-1.20.1.jar for modid moonlight with version 1.20-2.16.16
[181月2026 16:50:01.656] [main/DEBUG] [net.minecraftforge.fml.loading.UniqueModListBuilder/]: Found 2 mods for first modid bettercombat, selecting most recent based on version data
[181月2026 16:50:01.656] [main/DEBUG] [net.minecraftforge.fml.loading.UniqueModListBuilder/]: Selected file better-combat-by-daedelus-639842-7287334_mapped_parchment_2023.09.03-1.20.1.jar for modid bettercombat with version 1.9.0+1.20.1
[181月2026 16:50:01.656] [main/DEBUG] [net.minecraftforge.fml.loading.UniqueModListBuilder/]: Found 2 mods for first modid jade, selecting most recent based on version data
[181月2026 16:50:01.656] [main/DEBUG] [net.minecraftforge.fml.loading.UniqueModListBuilder/]: Selected file jade-324717-5672013_mapped_parchment_2023.09.03-1.20.1.jar for modid jade with version 11.11.1+forge
[181月2026 16:50:01.656] [main/DEBUG] [net.minecraftforge.fml.loading.UniqueModListBuilder/]: Found 2 mods for first modid constructionwand, selecting most recent based on version data
[181月2026 16:50:01.656] [main/DEBUG] [net.minecraftforge.fml.loading.UniqueModListBuilder/]: Selected file construction-wand-399558-4684054_mapped_parchment_2023.09.03-1.20.1.jar for modid constructionwand with version 1.20.1-2.11
[181月2026 16:50:01.656] [main/DEBUG] [net.minecraftforge.fml.loading.UniqueModListBuilder/]: Found 2 mods for first modid shouldersurfing, selecting most recent based on version data
[181月2026 16:50:01.656] [main/DEBUG] [net.minecraftforge.fml.loading.UniqueModListBuilder/]: Selected file shoulder-surfing-reloaded-243190-7305583_mapped_parchment_2023.09.03-1.20.1.jar for modid shouldersurfing with version 1.20.1-4.17.0
[181月2026 16:50:01.656] [main/DEBUG] [net.minecraftforge.fml.loading.UniqueModListBuilder/]: Found 2 mods for first modid fdlib, selecting most recent based on version data
[181月2026 16:50:01.656] [main/DEBUG] [net.minecraftforge.fml.loading.UniqueModListBuilder/]: Selected file fdlib-1271749-7478123_mapped_parchment_2023.09.03-1.20.1.jar for modid fdlib with version 1.0.7
[181月2026 16:50:01.656] [main/DEBUG] [net.minecraftforge.fml.loading.UniqueModListBuilder/]: Found 2 mods for first modid appleskin, selecting most recent based on version data
[181月2026 16:50:01.656] [main/DEBUG] [net.minecraftforge.fml.loading.UniqueModListBuilder/]: Selected file appleskin-248787-4770828_mapped_parchment_2023.09.03-1.20.1.jar for modid appleskin with version 2.5.1+mc1.20.1
[181月2026 16:50:01.656] [main/DEBUG] [net.minecraftforge.fml.loading.UniqueModListBuilder/]: Found 2 mods for first modid playeranimator, selecting most recent based on version data
[181月2026 16:50:01.656] [main/DEBUG] [net.minecraftforge.fml.loading.UniqueModListBuilder/]: Selected file playeranimator-658587-4587214_mapped_parchment_2023.09.03-1.20.1.jar for modid playeranimator with version 1.0.2-rc1+1.20
[181月2026 16:50:01.656] [main/DEBUG] [net.minecraftforge.fml.loading.UniqueModListBuilder/]: Found 2 mods for first modid fdbosses, selecting most recent based on version data
[181月2026 16:50:01.656] [main/DEBUG] [net.minecraftforge.fml.loading.UniqueModListBuilder/]: Selected file qliphoth-awakening-1271707-7478141_mapped_parchment_2023.09.03-1.20.1.jar for modid fdbosses with version 3.1.0
[181月2026 16:50:01.656] [main/DEBUG] [net.minecraftforge.fml.loading.UniqueModListBuilder/]: Found 2 mods for first modid jei, selecting most recent based on version data
[181月2026 16:50:01.656] [main/DEBUG] [net.minecraftforge.fml.loading.UniqueModListBuilder/]: Selected file jei-1.20.1-forge-15.20.0.105_mapped_parchment_2023.09.03-1.20.1.jar for modid jei with version 15.20.0.105
[181月2026 16:50:01.656] [main/DEBUG] [net.minecraftforge.fml.loading.UniqueModListBuilder/]: Found 2 mods for first modid lionfishapi, selecting most recent based on version data
[181月2026 16:50:01.656] [main/DEBUG] [net.minecraftforge.fml.loading.UniqueModListBuilder/]: Selected file lionfish-api-1001614-5922047_mapped_parchment_2023.09.03-1.20.1.jar for modid lionfishapi with version 2.4-Fix
[181月2026 16:50:01.656] [main/DEBUG] [net.minecraftforge.fml.loading.UniqueModListBuilder/]: Found 2 mods for first modid cloth_config, selecting most recent based on version data
[181月2026 16:50:01.656] [main/DEBUG] [net.minecraftforge.fml.loading.UniqueModListBuilder/]: Selected file cloth-config-348521-5729105_mapped_parchment_2023.09.03-1.20.1.jar for modid cloth_config with version 11.1.136
[181月2026 16:50:01.656] [main/DEBUG] [net.minecraftforge.fml.loading.UniqueModListBuilder/]: Found 2 mods for first modid spark, selecting most recent based on version data
[181月2026 16:50:01.656] [main/DEBUG] [net.minecraftforge.fml.loading.UniqueModListBuilder/]: Selected file spark-361579-4738952_mapped_parchment_2023.09.03-1.20.1.jar for modid spark with version 1.10.53
[181月2026 16:50:01.656] [main/DEBUG] [net.minecraftforge.fml.loading.UniqueModListBuilder/]: Found 2 mods for first modid dummmmmmy, selecting most recent based on version data
[181月2026 16:50:01.658] [main/DEBUG] [net.minecraftforge.fml.loading.UniqueModListBuilder/]: Selected file mmmmmmmmmmmm-225738-6860192_mapped_parchment_2023.09.03-1.20.1.jar for modid dummmmmmy with version 1.20-2.0.9
[181月2026 16:50:01.658] [main/DEBUG] [net.minecraftforge.fml.loading.UniqueModListBuilder/]: Found 2 mods for first modid curios, selecting most recent based on version data
[181月2026 16:50:01.658] [main/DEBUG] [net.minecraftforge.fml.loading.UniqueModListBuilder/]: Selected file curios-309927-6418456_mapped_parchment_2023.09.03-1.20.1.jar for modid curios with version 5.14.1+1.20.1
[181月2026 16:50:01.658] [main/DEBUG] [net.minecraftforge.fml.loading.UniqueModListBuilder/]: Found 2 mods for first modid cataclysm, selecting most recent based on version data
[181月2026 16:50:01.658] [main/DEBUG] [net.minecraftforge.fml.loading.UniqueModListBuilder/]: Selected file lendercataclysm-551586-6906993_mapped_parchment_2023.09.03-1.20.1.jar for modid cataclysm with version 3.16
[181月2026 16:50:01.661] [main/DEBUG] [net.minecraftforge.fml.loading.moddiscovery.AbstractJarFileDependencyLocator/]: Failed to load resource META-INF\jarjar\metadata.json from forge-1.20.1-47.4.0_mapped_parchment_2023.09.03-1.20.1-recomp.jar, it does not contain dependency information.
[181月2026 16:50:01.661] [main/DEBUG] [net.minecraftforge.fml.loading.moddiscovery.AbstractJarFileDependencyLocator/]: Failed to load resource META-INF\jarjar\metadata.json from jade-324717-5672013_mapped_parchment_2023.09.03-1.20.1.jar, it does not contain dependency information.
[181月2026 16:50:01.661] [main/DEBUG] [net.minecraftforge.fml.loading.moddiscovery.AbstractJarFileDependencyLocator/]: Failed to load resource META-INF\jarjar\metadata.json from construction-wand-399558-4684054_mapped_parchment_2023.09.03-1.20.1.jar, it does not contain dependency information.
[181月2026 16:50:01.661] [main/DEBUG] [net.minecraftforge.fml.loading.moddiscovery.AbstractJarFileDependencyLocator/]: Failed to load resource META-INF\jarjar\metadata.json from shoulder-surfing-reloaded-243190-7305583_mapped_parchment_2023.09.03-1.20.1.jar, it does not contain dependency information.
[181月2026 16:50:01.661] [main/DEBUG] [net.minecraftforge.fml.loading.moddiscovery.AbstractJarFileDependencyLocator/]: Failed to load resource META-INF\jarjar\metadata.json from main, it does not contain dependency information.
[181月2026 16:50:01.661] [main/DEBUG] [net.minecraftforge.fml.loading.moddiscovery.AbstractJarFileDependencyLocator/]: Failed to load resource META-INF\jarjar\metadata.json from appleskin-248787-4770828_mapped_parchment_2023.09.03-1.20.1.jar, it does not contain dependency information.
[181月2026 16:50:01.661] [main/DEBUG] [net.minecraftforge.fml.loading.moddiscovery.AbstractJarFileDependencyLocator/]: Failed to load resource META-INF\jarjar\metadata.json from playeranimator-658587-4587214_mapped_parchment_2023.09.03-1.20.1.jar, it does not contain dependency information.
[181月2026 16:50:01.661] [main/DEBUG] [net.minecraftforge.fml.loading.moddiscovery.AbstractJarFileDependencyLocator/]: Failed to load resource META-INF\jarjar\metadata.json from jei-1.20.1-forge-15.20.0.105_mapped_parchment_2023.09.03-1.20.1.jar, it does not contain dependency information.
[181月2026 16:50:01.661] [main/DEBUG] [net.minecraftforge.fml.loading.moddiscovery.AbstractJarFileDependencyLocator/]: Failed to load resource META-INF\jarjar\metadata.json from lionfish-api-1001614-5922047_mapped_parchment_2023.09.03-1.20.1.jar, it does not contain dependency information.
[181月2026 16:50:01.661] [main/DEBUG] [net.minecraftforge.fml.loading.moddiscovery.AbstractJarFileDependencyLocator/]: Failed to load resource META-INF\jarjar\metadata.json from cloth-config-348521-5729105_mapped_parchment_2023.09.03-1.20.1.jar, it does not contain dependency information.
[181月2026 16:50:01.661] [main/DEBUG] [net.minecraftforge.fml.loading.moddiscovery.AbstractJarFileDependencyLocator/]: Failed to load resource META-INF\jarjar\metadata.json from spark-361579-4738952_mapped_parchment_2023.09.03-1.20.1.jar, it does not contain dependency information.
[181月2026 16:50:01.661] [main/DEBUG] [net.minecraftforge.fml.loading.moddiscovery.AbstractJarFileDependencyLocator/]: Failed to load resource META-INF\jarjar\metadata.json from , it does not contain dependency information.
[181月2026 16:50:01.661] [main/DEBUG] [net.minecraftforge.fml.loading.moddiscovery.AbstractJarFileDependencyLocator/]: Failed to load resource META-INF\jarjar\metadata.json from curios-309927-6418456_mapped_parchment_2023.09.03-1.20.1.jar, it does not contain dependency information.
[181月2026 16:50:01.661] [main/DEBUG] [net.minecraftforge.fml.loading.moddiscovery.AbstractJarFileDependencyLocator/]: Failed to load resource META-INF\jarjar\metadata.json from lendercataclysm-551586-6906993_mapped_parchment_2023.09.03-1.20.1.jar, it does not contain dependency information.
[181月2026 16:50:01.666] [main/DEBUG] [net.minecraftforge.fml.loading.moddiscovery.AbstractJarFileDependencyLocator/]: Failed to load resource META-INF\jarjar\metadata.json from mclanguage-1.20.1-47.4.0.jar, it does not contain dependency information.
[181月2026 16:50:01.666] [main/DEBUG] [net.minecraftforge.fml.loading.moddiscovery.AbstractJarFileDependencyLocator/]: Failed to load resource META-INF\jarjar\metadata.json from javafmllanguage-1.20.1-47.4.0.jar, it does not contain dependency information.
[181月2026 16:50:01.666] [main/DEBUG] [net.minecraftforge.fml.loading.moddiscovery.AbstractJarFileDependencyLocator/]: Failed to load resource META-INF\jarjar\metadata.json from fmlcore-1.20.1-47.4.0.jar, it does not contain dependency information.
[181月2026 16:50:01.666] [main/DEBUG] [net.minecraftforge.fml.loading.moddiscovery.AbstractJarFileDependencyLocator/]: Failed to load resource META-INF\jarjar\metadata.json from lowcodelanguage-1.20.1-47.4.0.jar, it does not contain dependency information.
[181月2026 16:50:01.703] [main/DEBUG] [net.minecraftforge.fml.loading.moddiscovery.ModFileParser/LOADING]: Considering mod file candidate 
[181月2026 16:50:01.703] [main/DEBUG] [net.minecraftforge.fml.loading.moddiscovery.ModFileInfo/LOADING]: Found valid mod file mixinextras-forge-0.2.0.jar with {mixinextras} mods - versions {0.2.0}
[181月2026 16:50:01.706] [main/DEBUG] [net.minecraftforge.fml.loading.moddiscovery.ModFileParser/LOADING]: Considering mod file candidate 
[181月2026 16:50:01.709] [main/DEBUG] [net.minecraftforge.fml.loading.moddiscovery.ModFileInfo/LOADING]: Found valid mod file mixinextras-forge-0.3.6.jar with {mixinextras} mods - versions {0.3.6}
[181月2026 16:50:01.712] [main/DEBUG] [net.minecraftforge.fml.loading.moddiscovery.ModFileParser/LOADING]: Considering mod file candidate 
[181月2026 16:50:01.712] [main/DEBUG] [net.minecraftforge.fml.loading.moddiscovery.ModFileInfo/LOADING]: Found valid mod file mixinextras-forge-0.2.1-beta.2.jar with {mixinextras} mods - versions {0.2.1-beta.2}
[181月2026 16:50:01.746] [main/DEBUG] [net.minecraftforge.fml.loading.moddiscovery.AbstractJarFileDependencyLocator/]: Failed to load resource META-INF\jarjar\metadata.json from MixinExtras-0.2.0.jar, it does not contain dependency information.
[181月2026 16:50:01.746] [main/DEBUG] [net.minecraftforge.fml.loading.moddiscovery.AbstractJarFileDependencyLocator/]: Failed to load resource META-INF\jarjar\metadata.json from MixinExtras-0.5.0.jar, it does not contain dependency information.
[181月2026 16:50:01.746] [main/DEBUG] [net.minecraftforge.fml.loading.moddiscovery.AbstractJarFileDependencyLocator/]: Failed to load resource META-INF\jarjar\metadata.json from MixinExtras-0.3.6.jar, it does not contain dependency information.
[181月2026 16:50:01.746] [main/DEBUG] [net.minecraftforge.fml.loading.moddiscovery.AbstractJarFileDependencyLocator/]: Failed to load resource META-INF\jarjar\metadata.json from MixinExtras-0.5.0.jar, it does not contain dependency information.
[181月2026 16:50:01.746] [main/DEBUG] [net.minecraftforge.fml.loading.moddiscovery.AbstractJarFileDependencyLocator/]: Failed to load resource META-INF\jarjar\metadata.json from MixinExtras-0.2.1-beta.2.jar, it does not contain dependency information.
[181月2026 16:50:01.773] [main/INFO] [net.minecraftforge.fml.loading.moddiscovery.JarInJarDependencyLocator/]: Found 2 dependencies adding them to mods collection
[181月2026 16:50:01.776] [main/DEBUG] [net.minecraftforge.fml.loading.moddiscovery.ModFileInfo/LOADING]: Found valid mod file forge-1.20.1-47.4.0_mapped_parchment_2023.09.03-1.20.1-recomp.jar with {minecraft} mods - versions {1.20.1}
[181月2026 16:50:01.776] [main/DEBUG] [net.minecraftforge.fml.loading.moddiscovery.ModFile/LOADING]: Loading mod file C:\Users\stard_i5grhqf\.gradle\caches\forge_gradle\minecraft_user_repo\net\minecraftforge\forge\1.20.1-47.4.0_mapped_parchment_2023.09.03-1.20.1\forge-1.20.1-47.4.0_mapped_parchment_2023.09.03-1.20.1-recomp.jar with languages [LanguageSpec[languageName=minecraft, acceptedVersions=1]]
[181月2026 16:50:01.776] [main/DEBUG] [net.minecraftforge.fml.loading.moddiscovery.ModFileParser/LOADING]: Considering mod file candidate C:\Users\stard_i5grhqf\.gradle\caches\forge_gradle\deobf_dependencies\curse\maven\selene-499980\7191950_mapped_parchment_2023.09.03-1.20.1\selene-499980-7191950_mapped_parchment_2023.09.03-1.20.1.jar
[181月2026 16:50:01.776] [main/DEBUG] [net.minecraftforge.fml.loading.moddiscovery.ModFileInfo/LOADING]: Found valid mod file selene-499980-7191950_mapped_parchment_2023.09.03-1.20.1.jar with {moonlight} mods - versions {1.20-2.16.16}
[181月2026 16:50:01.776] [main/DEBUG] [net.minecraftforge.fml.loading.moddiscovery.ModFile/LOADING]: Loading mod file C:\Users\stard_i5grhqf\.gradle\caches\forge_gradle\deobf_dependencies\curse\maven\selene-499980\7191950_mapped_parchment_2023.09.03-1.20.1\selene-499980-7191950_mapped_parchment_2023.09.03-1.20.1.jar with languages [LanguageSpec[languageName=javafml, acceptedVersions=[40,)]]
[181月2026 16:50:01.776] [main/DEBUG] [net.minecraftforge.fml.loading.moddiscovery.ModFileParser/LOADING]: Considering mod file candidate C:\Users\stard_i5grhqf\.gradle\caches\forge_gradle\deobf_dependencies\curse\maven\better-combat-by-daedelus-639842\7287334_mapped_parchment_2023.09.03-1.20.1\better-combat-by-daedelus-639842-7287334_mapped_parchment_2023.09.03-1.20.1.jar
[181月2026 16:50:01.776] [main/DEBUG] [net.minecraftforge.fml.loading.moddiscovery.ModFileInfo/LOADING]: Found valid mod file better-combat-by-daedelus-639842-7287334_mapped_parchment_2023.09.03-1.20.1.jar with {bettercombat} mods - versions {1.9.0+1.20.1}
[181月2026 16:50:01.776] [main/DEBUG] [net.minecraftforge.fml.loading.moddiscovery.ModFile/LOADING]: Loading mod file C:\Users\stard_i5grhqf\.gradle\caches\forge_gradle\deobf_dependencies\curse\maven\better-combat-by-daedelus-639842\7287334_mapped_parchment_2023.09.03-1.20.1\better-combat-by-daedelus-639842-7287334_mapped_parchment_2023.09.03-1.20.1.jar with languages [LanguageSpec[languageName=javafml, acceptedVersions=[39,)]]
[181月2026 16:50:01.776] [main/DEBUG] [net.minecraftforge.fml.loading.moddiscovery.ModFileParser/LOADING]: Considering mod file candidate C:\Users\stard_i5grhqf\.gradle\caches\forge_gradle\deobf_dependencies\curse\maven\construction-wand-399558\4684054_mapped_parchment_2023.09.03-1.20.1\construction-wand-399558-4684054_mapped_parchment_2023.09.03-1.20.1.jar
[181月2026 16:50:01.776] [main/DEBUG] [net.minecraftforge.fml.loading.moddiscovery.ModFileInfo/LOADING]: Found valid mod file construction-wand-399558-4684054_mapped_parchment_2023.09.03-1.20.1.jar with {constructionwand} mods - versions {1.20.1-2.11}
[181月2026 16:50:01.776] [main/DEBUG] [net.minecraftforge.fml.loading.moddiscovery.ModFile/LOADING]: Loading mod file C:\Users\stard_i5grhqf\.gradle\caches\forge_gradle\deobf_dependencies\curse\maven\construction-wand-399558\4684054_mapped_parchment_2023.09.03-1.20.1\construction-wand-399558-4684054_mapped_parchment_2023.09.03-1.20.1.jar with languages [LanguageSpec[languageName=javafml, acceptedVersions=[46,)]]
[181月2026 16:50:01.776] [main/DEBUG] [net.minecraftforge.fml.loading.moddiscovery.ModFileParser/LOADING]: Considering mod file candidate C:\Users\stard_i5grhqf\.gradle\caches\forge_gradle\deobf_dependencies\curse\maven\jade-324717\5672013_mapped_parchment_2023.09.03-1.20.1\jade-324717-5672013_mapped_parchment_2023.09.03-1.20.1.jar
[181月2026 16:50:01.776] [main/DEBUG] [net.minecraftforge.fml.loading.moddiscovery.ModFileInfo/LOADING]: Found valid mod file jade-324717-5672013_mapped_parchment_2023.09.03-1.20.1.jar with {jade} mods - versions {11.11.1+forge}
[181月2026 16:50:01.776] [main/DEBUG] [net.minecraftforge.fml.loading.moddiscovery.ModFile/LOADING]: Loading mod file C:\Users\stard_i5grhqf\.gradle\caches\forge_gradle\deobf_dependencies\curse\maven\jade-324717\5672013_mapped_parchment_2023.09.03-1.20.1\jade-324717-5672013_mapped_parchment_2023.09.03-1.20.1.jar with languages [LanguageSpec[languageName=javafml, acceptedVersions=[46,)]]
[181月2026 16:50:01.776] [main/DEBUG] [net.minecraftforge.fml.loading.moddiscovery.ModFileParser/LOADING]: Considering mod file candidate C:\Users\stard_i5grhqf\Documents\GitHub\Qliphoth_Armaments\build\resources\main
[181月2026 16:50:01.776] [main/DEBUG] [net.minecraftforge.fml.loading.moddiscovery.ModFileInfo/LOADING]: Found valid mod file main with {qliphoth_armaments} mods - versions {1.20.1-1.2.0}
[181月2026 16:50:01.776] [main/DEBUG] [net.minecraftforge.fml.loading.moddiscovery.ModFile/LOADING]: Loading mod file C:\Users\stard_i5grhqf\Documents\GitHub\Qliphoth_Armaments\build\resources\main with languages [LanguageSpec[languageName=javafml, acceptedVersions=[47,)]]
[181月2026 16:50:01.776] [main/DEBUG] [net.minecraftforge.fml.loading.moddiscovery.ModFileParser/LOADING]: Considering mod file candidate C:\Users\stard_i5grhqf\.gradle\caches\forge_gradle\deobf_dependencies\curse\maven\shoulder-surfing-reloaded-243190\7305583_mapped_parchment_2023.09.03-1.20.1\shoulder-surfing-reloaded-243190-7305583_mapped_parchment_2023.09.03-1.20.1.jar
[181月2026 16:50:01.776] [main/DEBUG] [net.minecraftforge.fml.loading.moddiscovery.ModFileInfo/LOADING]: Found valid mod file shoulder-surfing-reloaded-243190-7305583_mapped_parchment_2023.09.03-1.20.1.jar with {shouldersurfing} mods - versions {1.20.1-4.17.0}
[181月2026 16:50:01.776] [main/DEBUG] [net.minecraftforge.fml.loading.moddiscovery.ModFile/LOADING]: Loading mod file C:\Users\stard_i5grhqf\.gradle\caches\forge_gradle\deobf_dependencies\curse\maven\shoulder-surfing-reloaded-243190\7305583_mapped_parchment_2023.09.03-1.20.1\shoulder-surfing-reloaded-243190-7305583_mapped_parchment_2023.09.03-1.20.1.jar with languages [LanguageSpec[languageName=javafml, acceptedVersions=[46,48)]]
[181月2026 16:50:01.776] [main/DEBUG] [net.minecraftforge.fml.loading.moddiscovery.ModFileParser/LOADING]: Considering mod file candidate C:\Users\stard_i5grhqf\.gradle\caches\forge_gradle\deobf_dependencies\curse\maven\appleskin-248787\4770828_mapped_parchment_2023.09.03-1.20.1\appleskin-248787-4770828_mapped_parchment_2023.09.03-1.20.1.jar
[181月2026 16:50:01.783] [main/DEBUG] [net.minecraftforge.fml.loading.moddiscovery.ModFileInfo/LOADING]: Found valid mod file appleskin-248787-4770828_mapped_parchment_2023.09.03-1.20.1.jar with {appleskin} mods - versions {2.5.1+mc1.20.1}
[181月2026 16:50:01.783] [main/DEBUG] [net.minecraftforge.fml.loading.moddiscovery.ModFile/LOADING]: Loading mod file C:\Users\stard_i5grhqf\.gradle\caches\forge_gradle\deobf_dependencies\curse\maven\appleskin-248787\4770828_mapped_parchment_2023.09.03-1.20.1\appleskin-248787-4770828_mapped_parchment_2023.09.03-1.20.1.jar with languages [LanguageSpec[languageName=javafml, acceptedVersions=[47,)]]
[181月2026 16:50:01.783] [main/DEBUG] [net.minecraftforge.fml.loading.moddiscovery.ModFileParser/LOADING]: Considering mod file candidate C:\Users\stard_i5grhqf\.gradle\caches\forge_gradle\deobf_dependencies\curse\maven\fdlib-1271749\7478123_mapped_parchment_2023.09.03-1.20.1\fdlib-1271749-7478123_mapped_parchment_2023.09.03-1.20.1.jar
[181月2026 16:50:01.783] [main/DEBUG] [net.minecraftforge.fml.loading.moddiscovery.ModFileInfo/LOADING]: Found valid mod file fdlib-1271749-7478123_mapped_parchment_2023.09.03-1.20.1.jar with {fdlib} mods - versions {1.0.7}
[181月2026 16:50:01.783] [main/DEBUG] [net.minecraftforge.fml.loading.moddiscovery.ModFile/LOADING]: Loading mod file C:\Users\stard_i5grhqf\.gradle\caches\forge_gradle\deobf_dependencies\curse\maven\fdlib-1271749\7478123_mapped_parchment_2023.09.03-1.20.1\fdlib-1271749-7478123_mapped_parchment_2023.09.03-1.20.1.jar with languages [LanguageSpec[languageName=javafml, acceptedVersions=[47,)]]
[181月2026 16:50:01.783] [main/DEBUG] [net.minecraftforge.fml.loading.moddiscovery.ModFileParser/LOADING]: Considering mod file candidate C:\Users\stard_i5grhqf\.gradle\caches\forge_gradle\deobf_dependencies\curse\maven\playeranimator-658587\4587214_mapped_parchment_2023.09.03-1.20.1\playeranimator-658587-4587214_mapped_parchment_2023.09.03-1.20.1.jar
[181月2026 16:50:01.783] [main/DEBUG] [net.minecraftforge.fml.loading.moddiscovery.ModFileInfo/LOADING]: Found valid mod file playeranimator-658587-4587214_mapped_parchment_2023.09.03-1.20.1.jar with {playeranimator} mods - versions {1.0.2-rc1+1.20}
[181月2026 16:50:01.783] [main/DEBUG] [net.minecraftforge.fml.loading.moddiscovery.ModFile/LOADING]: Loading mod file C:\Users\stard_i5grhqf\.gradle\caches\forge_gradle\deobf_dependencies\curse\maven\playeranimator-658587\4587214_mapped_parchment_2023.09.03-1.20.1\playeranimator-658587-4587214_mapped_parchment_2023.09.03-1.20.1.jar with languages [LanguageSpec[languageName=javafml, acceptedVersions=[46.0.0,)]]
[181月2026 16:50:01.783] [main/DEBUG] [net.minecraftforge.fml.loading.moddiscovery.ModFileParser/LOADING]: Considering mod file candidate C:\Users\stard_i5grhqf\.gradle\caches\forge_gradle\deobf_dependencies\curse\maven\qliphoth-awakening-1271707\7478141_mapped_parchment_2023.09.03-1.20.1\qliphoth-awakening-1271707-7478141_mapped_parchment_2023.09.03-1.20.1.jar
[181月2026 16:50:01.783] [main/DEBUG] [net.minecraftforge.fml.loading.moddiscovery.ModFileInfo/LOADING]: Found valid mod file qliphoth-awakening-1271707-7478141_mapped_parchment_2023.09.03-1.20.1.jar with {fdbosses} mods - versions {3.1.0}
[181月2026 16:50:01.783] [main/DEBUG] [net.minecraftforge.fml.loading.moddiscovery.ModFile/LOADING]: Loading mod file C:\Users\stard_i5grhqf\.gradle\caches\forge_gradle\deobf_dependencies\curse\maven\qliphoth-awakening-1271707\7478141_mapped_parchment_2023.09.03-1.20.1\qliphoth-awakening-1271707-7478141_mapped_parchment_2023.09.03-1.20.1.jar with languages [LanguageSpec[languageName=javafml, acceptedVersions=[47,)]]
[181月2026 16:50:01.783] [main/DEBUG] [net.minecraftforge.fml.loading.moddiscovery.ModFileParser/LOADING]: Considering mod file candidate C:\Users\stard_i5grhqf\.gradle\caches\forge_gradle\deobf_dependencies\mezz\jei\jei-1.20.1-forge\15.20.0.105_mapped_parchment_2023.09.03-1.20.1\jei-1.20.1-forge-15.20.0.105_mapped_parchment_2023.09.03-1.20.1.jar
[181月2026 16:50:01.783] [main/DEBUG] [net.minecraftforge.fml.loading.moddiscovery.ModFileInfo/LOADING]: Found valid mod file jei-1.20.1-forge-15.20.0.105_mapped_parchment_2023.09.03-1.20.1.jar with {jei} mods - versions {15.20.0.105}
[181月2026 16:50:01.786] [main/DEBUG] [net.minecraftforge.fml.loading.moddiscovery.ModFile/LOADING]: Loading mod file C:\Users\stard_i5grhqf\.gradle\caches\forge_gradle\deobf_dependencies\mezz\jei\jei-1.20.1-forge\15.20.0.105_mapped_parchment_2023.09.03-1.20.1\jei-1.20.1-forge-15.20.0.105_mapped_parchment_2023.09.03-1.20.1.jar with languages [LanguageSpec[languageName=javafml, acceptedVersions=[47,)]]
[181月2026 16:50:01.786] [main/DEBUG] [net.minecraftforge.fml.loading.moddiscovery.ModFileParser/LOADING]: Considering mod file candidate C:\Users\stard_i5grhqf\.gradle\caches\forge_gradle\deobf_dependencies\curse\maven\lionfish-api-1001614\5922047_mapped_parchment_2023.09.03-1.20.1\lionfish-api-1001614-5922047_mapped_parchment_2023.09.03-1.20.1.jar
[181月2026 16:50:01.786] [main/DEBUG] [net.minecraftforge.fml.loading.moddiscovery.ModFileInfo/LOADING]: Found valid mod file lionfish-api-1001614-5922047_mapped_parchment_2023.09.03-1.20.1.jar with {lionfishapi} mods - versions {2.4-Fix}
[181月2026 16:50:01.786] [main/DEBUG] [net.minecraftforge.fml.loading.moddiscovery.ModFile/LOADING]: Loading mod file C:\Users\stard_i5grhqf\.gradle\caches\forge_gradle\deobf_dependencies\curse\maven\lionfish-api-1001614\5922047_mapped_parchment_2023.09.03-1.20.1\lionfish-api-1001614-5922047_mapped_parchment_2023.09.03-1.20.1.jar with languages [LanguageSpec[languageName=javafml, acceptedVersions=[47,)]]
[181月2026 16:50:01.786] [main/DEBUG] [net.minecraftforge.fml.loading.moddiscovery.ModFileParser/LOADING]: Considering mod file candidate C:\Users\stard_i5grhqf\.gradle\caches\forge_gradle\deobf_dependencies\curse\maven\spark-361579\4738952_mapped_parchment_2023.09.03-1.20.1\spark-361579-4738952_mapped_parchment_2023.09.03-1.20.1.jar
[181月2026 16:50:01.786] [main/DEBUG] [net.minecraftforge.fml.loading.moddiscovery.ModFileInfo/LOADING]: Found valid mod file spark-361579-4738952_mapped_parchment_2023.09.03-1.20.1.jar with {spark} mods - versions {1.10.53}
[181月2026 16:50:01.786] [main/DEBUG] [net.minecraftforge.fml.loading.moddiscovery.ModFile/LOADING]: Loading mod file C:\Users\stard_i5grhqf\.gradle\caches\forge_gradle\deobf_dependencies\curse\maven\spark-361579\4738952_mapped_parchment_2023.09.03-1.20.1\spark-361579-4738952_mapped_parchment_2023.09.03-1.20.1.jar with languages [LanguageSpec[languageName=javafml, acceptedVersions=[34,)]]
[181月2026 16:50:01.786] [main/DEBUG] [net.minecraftforge.fml.loading.moddiscovery.ModFileParser/LOADING]: Considering mod file candidate C:\Users\stard_i5grhqf\.gradle\caches\forge_gradle\deobf_dependencies\curse\maven\cloth-config-348521\5729105_mapped_parchment_2023.09.03-1.20.1\cloth-config-348521-5729105_mapped_parchment_2023.09.03-1.20.1.jar
[181月2026 16:50:01.786] [main/DEBUG] [net.minecraftforge.fml.loading.moddiscovery.ModFileInfo/LOADING]: Found valid mod file cloth-config-348521-5729105_mapped_parchment_2023.09.03-1.20.1.jar with {cloth_config} mods - versions {11.1.136}
[181月2026 16:50:01.786] [main/DEBUG] [net.minecraftforge.fml.loading.moddiscovery.ModFile/LOADING]: Loading mod file C:\Users\stard_i5grhqf\.gradle\caches\forge_gradle\deobf_dependencies\curse\maven\cloth-config-348521\5729105_mapped_parchment_2023.09.03-1.20.1\cloth-config-348521-5729105_mapped_parchment_2023.09.03-1.20.1.jar with languages [LanguageSpec[languageName=javafml, acceptedVersions=[34,)]]
[181月2026 16:50:01.786] [main/DEBUG] [net.minecraftforge.fml.loading.moddiscovery.ModFileParser/LOADING]: Considering mod file candidate /
[181月2026 16:50:01.786] [main/DEBUG] [net.minecraftforge.fml.loading.moddiscovery.ModFileInfo/LOADING]: Found valid mod file  with {forge} mods - versions {47.4.0}
[181月2026 16:50:01.786] [main/DEBUG] [net.minecraftforge.fml.loading.moddiscovery.ModFile/LOADING]: Loading mod file / with languages [LanguageSpec[languageName=javafml, acceptedVersions=[24,]]]
[181月2026 16:50:01.788] [main/DEBUG] [net.minecraftforge.fml.loading.moddiscovery.ModFileParser/LOADING]: Found coremod field_to_method with Javascript path coremods/field_to_method.js
[181月2026 16:50:01.788] [main/DEBUG] [net.minecraftforge.fml.loading.moddiscovery.ModFileParser/LOADING]: Found coremod field_to_instanceof with Javascript path coremods/field_to_instanceof.js
[181月2026 16:50:01.788] [main/DEBUG] [net.minecraftforge.fml.loading.moddiscovery.ModFileParser/LOADING]: Found coremod add_bouncer_method with Javascript path coremods/add_bouncer_method.js
[181月2026 16:50:01.788] [main/DEBUG] [net.minecraftforge.fml.loading.moddiscovery.ModFileParser/LOADING]: Found coremod method_redirector with Javascript path coremods/method_redirector.js
[181月2026 16:50:01.788] [main/DEBUG] [net.minecraftforge.fml.loading.moddiscovery.ModFile/LOADING]: Found coremod coremods/field_to_method.js
[181月2026 16:50:01.788] [main/DEBUG] [net.minecraftforge.fml.loading.moddiscovery.ModFile/LOADING]: Found coremod coremods/field_to_instanceof.js
[181月2026 16:50:01.788] [main/DEBUG] [net.minecraftforge.fml.loading.moddiscovery.ModFile/LOADING]: Found coremod coremods/add_bouncer_method.js
[181月2026 16:50:01.788] [main/DEBUG] [net.minecraftforge.fml.loading.moddiscovery.ModFile/LOADING]: Found coremod coremods/method_redirector.js
[181月2026 16:50:01.788] [main/DEBUG] [net.minecraftforge.fml.loading.moddiscovery.ModFileParser/LOADING]: Considering mod file candidate C:\Users\stard_i5grhqf\.gradle\caches\forge_gradle\deobf_dependencies\curse\maven\mmmmmmmmmmmm-225738\6860192_mapped_parchment_2023.09.03-1.20.1\mmmmmmmmmmmm-225738-6860192_mapped_parchment_2023.09.03-1.20.1.jar
[181月2026 16:50:01.788] [main/DEBUG] [net.minecraftforge.fml.loading.moddiscovery.ModFileInfo/LOADING]: Found valid mod file mmmmmmmmmmmm-225738-6860192_mapped_parchment_2023.09.03-1.20.1.jar with {dummmmmmy} mods - versions {1.20-2.0.9}
[181月2026 16:50:01.788] [main/DEBUG] [net.minecraftforge.fml.loading.moddiscovery.ModFile/LOADING]: Loading mod file C:\Users\stard_i5grhqf\.gradle\caches\forge_gradle\deobf_dependencies\curse\maven\mmmmmmmmmmmm-225738\6860192_mapped_parchment_2023.09.03-1.20.1\mmmmmmmmmmmm-225738-6860192_mapped_parchment_2023.09.03-1.20.1.jar with languages [LanguageSpec[languageName=javafml, acceptedVersions=[40,)]]
[181月2026 16:50:01.788] [main/DEBUG] [net.minecraftforge.fml.loading.moddiscovery.ModFileParser/LOADING]: Considering mod file candidate C:\Users\stard_i5grhqf\.gradle\caches\forge_gradle\deobf_dependencies\curse\maven\lendercataclysm-551586\6906993_mapped_parchment_2023.09.03-1.20.1\lendercataclysm-551586-6906993_mapped_parchment_2023.09.03-1.20.1.jar
[181月2026 16:50:01.788] [main/DEBUG] [net.minecraftforge.fml.loading.moddiscovery.ModFileInfo/LOADING]: Found valid mod file lendercataclysm-551586-6906993_mapped_parchment_2023.09.03-1.20.1.jar with {cataclysm} mods - versions {3.16}
[181月2026 16:50:01.788] [main/DEBUG] [net.minecraftforge.fml.loading.moddiscovery.ModFile/LOADING]: Loading mod file C:\Users\stard_i5grhqf\.gradle\caches\forge_gradle\deobf_dependencies\curse\maven\lendercataclysm-551586\6906993_mapped_parchment_2023.09.03-1.20.1\lendercataclysm-551586-6906993_mapped_parchment_2023.09.03-1.20.1.jar with languages [LanguageSpec[languageName=javafml, acceptedVersions=[47,)]]
[181月2026 16:50:01.788] [main/DEBUG] [net.minecraftforge.fml.loading.moddiscovery.ModFileParser/LOADING]: Considering mod file candidate C:\Users\stard_i5grhqf\.gradle\caches\forge_gradle\deobf_dependencies\curse\maven\curios-309927\6418456_mapped_parchment_2023.09.03-1.20.1\curios-309927-6418456_mapped_parchment_2023.09.03-1.20.1.jar
[181月2026 16:50:01.788] [main/DEBUG] [net.minecraftforge.fml.loading.moddiscovery.ModFileInfo/LOADING]: Found valid mod file curios-309927-6418456_mapped_parchment_2023.09.03-1.20.1.jar with {curios} mods - versions {5.14.1+1.20.1}
[181月2026 16:50:01.788] [main/DEBUG] [net.minecraftforge.fml.loading.moddiscovery.ModFile/LOADING]: Loading mod file C:\Users\stard_i5grhqf\.gradle\caches\forge_gradle\deobf_dependencies\curse\maven\curios-309927\6418456_mapped_parchment_2023.09.03-1.20.1\curios-309927-6418456_mapped_parchment_2023.09.03-1.20.1.jar with languages [LanguageSpec[languageName=javafml, acceptedVersions=[41,)]]
[181月2026 16:50:01.788] [main/DEBUG] [net.minecraftforge.fml.loading.moddiscovery.ModFile/LOADING]: Loading mod file  with languages []
[181月2026 16:50:01.788] [main/DEBUG] [net.minecraftforge.fml.loading.moddiscovery.ModFile/LOADING]: Loading mod file  with languages []
[181月2026 16:50:01.788] [main/DEBUG] [net.minecraftforge.fml.loading.moddiscovery.ModFile/LOADING]: Loading mod file  with languages []
[181月2026 16:50:01.788] [main/DEBUG] [net.minecraftforge.fml.loading.moddiscovery.ModFile/LOADING]: Loading mod file  with languages []
[181月2026 16:50:01.788] [main/DEBUG] [cpw.mods.modlauncher.TransformationServiceDecorator/MODLAUNCHER]: End scan trigger - transformation service fml
[181月2026 16:50:01.799] [main/DEBUG] [net.minecraftforge.fml.loading.LanguageLoadingProvider/CORE]: Found 3 language providers
[181月2026 16:50:01.799] [main/DEBUG] [net.minecraftforge.fml.loading.LanguageLoadingProvider/CORE]: Found language provider minecraft, version 1.0
[181月2026 16:50:01.799] [main/DEBUG] [net.minecraftforge.fml.loading.LanguageLoadingProvider/CORE]: Found language provider lowcodefml, version 47
[181月2026 16:50:01.799] [main/DEBUG] [net.minecraftforge.fml.loading.LanguageLoadingProvider/CORE]: Found language provider javafml, version 47
[181月2026 16:50:01.804] [main/DEBUG] [net.minecraftforge.fml.loading.UniqueModListBuilder/]: Found 2 mods for first modid mixinextras, selecting most recent based on version data
[181月2026 16:50:01.804] [main/DEBUG] [net.minecraftforge.fml.loading.UniqueModListBuilder/]: Selected file mixinextras-forge-0.5.0.jar for modid mixinextras with version 0.5.0
[181月2026 16:50:01.804] [main/DEBUG] [net.minecraftforge.fml.loading.UniqueModListBuilder/]: Found 2 mods for first modid MixinExtras, selecting most recent based on version data
[181月2026 16:50:01.804] [main/DEBUG] [net.minecraftforge.fml.loading.UniqueModListBuilder/]: Selected file MixinExtras-0.5.0.jar for modid MixinExtras with version 0.5.0
[181月2026 16:50:01.806] [main/DEBUG] [net.minecraftforge.fml.loading.ModSorter/]: Configured system mods: [minecraft, forge]
[181月2026 16:50:01.806] [main/DEBUG] [net.minecraftforge.fml.loading.ModSorter/]: Found system mod: minecraft
[181月2026 16:50:01.806] [main/DEBUG] [net.minecraftforge.fml.loading.ModSorter/]: Found system mod: forge
[181月2026 16:50:01.806] [main/DEBUG] [net.minecraftforge.fml.loading.ModSorter/LOADING]: Found 32 mod requirements (32 mandatory, 0 optional)
[181月2026 16:50:01.809] [main/DEBUG] [net.minecraftforge.fml.loading.ModSorter/LOADING]: Found 0 mod requirements missing (0 mandatory, 0 optional)
[181月2026 16:50:02.126] [main/DEBUG] [net.minecraftforge.fml.loading.MCPNamingService/CORE]: Loaded 34318 method mappings from methods.csv
[181月2026 16:50:02.146] [main/DEBUG] [net.minecraftforge.fml.loading.MCPNamingService/CORE]: Loaded 31014 field mappings from fields.csv
[181月2026 16:50:02.196] [main/DEBUG] [cpw.mods.modlauncher.TransformationServicesHandler/MODLAUNCHER]: Transformation services loading transformers
[181月2026 16:50:02.196] [main/DEBUG] [cpw.mods.modlauncher.TransformationServiceDecorator/MODLAUNCHER]: Initializing transformers for transformation service mixin
[181月2026 16:50:02.196] [main/DEBUG] [cpw.mods.modlauncher.TransformationServiceDecorator/MODLAUNCHER]: Initialized transformers for transformation service mixin
[181月2026 16:50:02.196] [main/DEBUG] [cpw.mods.modlauncher.TransformationServiceDecorator/MODLAUNCHER]: Initializing transformers for transformation service fml
[181月2026 16:50:02.196] [main/DEBUG] [net.minecraftforge.fml.loading.FMLServiceProvider/CORE]: Loading coremod transformers
[181月2026 16:50:02.196] [main/DEBUG] [net.minecraftforge.coremod.CoreModEngine/COREMOD]: Loading CoreMod from coremods/field_to_method.js
[181月2026 16:50:02.326] [main/DEBUG] [net.minecraftforge.coremod.CoreModEngine/COREMOD]: CoreMod loaded successfully
[181月2026 16:50:02.326] [main/DEBUG] [net.minecraftforge.coremod.CoreModEngine/COREMOD]: Loading CoreMod from coremods/field_to_instanceof.js
[181月2026 16:50:02.376] [main/DEBUG] [net.minecraftforge.coremod.CoreModEngine/COREMOD]: CoreMod loaded successfully
[181月2026 16:50:02.376] [main/DEBUG] [net.minecraftforge.coremod.CoreModEngine/COREMOD]: Loading CoreMod from coremods/add_bouncer_method.js
[181月2026 16:50:02.406] [main/DEBUG] [net.minecraftforge.coremod.CoreModEngine/COREMOD]: CoreMod loaded successfully
[181月2026 16:50:02.406] [main/DEBUG] [net.minecraftforge.coremod.CoreModEngine/COREMOD]: Loading CoreMod from coremods/method_redirector.js
[181月2026 16:50:02.453] [main/DEBUG] [net.minecraftforge.coremod.CoreModEngine/COREMOD]: CoreMod loaded successfully
[181月2026 16:50:02.466] [main/DEBUG] [cpw.mods.modlauncher.TransformStore/MODLAUNCHER]: Adding transformer net.minecraftforge.coremod.transformer.CoreModClassTransformer@5eea5627 to Target : CLASS {Lnet/minecraft/world/level/biome/Biome;} {} {V}
[181月2026 16:50:02.466] [main/DEBUG] [cpw.mods.modlauncher.TransformStore/MODLAUNCHER]: Adding transformer net.minecraftforge.coremod.transformer.CoreModClassTransformer@49e4c2d5 to Target : CLASS {Lnet/minecraft/world/level/levelgen/structure/Structure;} {} {V}
[181月2026 16:50:02.466] [main/DEBUG] [cpw.mods.modlauncher.TransformStore/MODLAUNCHER]: Adding transformer net.minecraftforge.coremod.transformer.CoreModClassTransformer@24a2e565 to Target : CLASS {Lnet/minecraft/world/effect/MobEffectInstance;} {} {V}
[181月2026 16:50:02.466] [main/DEBUG] [cpw.mods.modlauncher.TransformStore/MODLAUNCHER]: Adding transformer net.minecraftforge.coremod.transformer.CoreModClassTransformer@3e36b7a0 to Target : CLASS {Lnet/minecraft/world/level/block/LiquidBlock;} {} {V}
[181月2026 16:50:02.466] [main/DEBUG] [cpw.mods.modlauncher.TransformStore/MODLAUNCHER]: Adding transformer net.minecraftforge.coremod.transformer.CoreModClassTransformer@60c1663c to Target : CLASS {Lnet/minecraft/world/item/BucketItem;} {} {V}
[181月2026 16:50:02.466] [main/DEBUG] [cpw.mods.modlauncher.TransformStore/MODLAUNCHER]: Adding transformer net.minecraftforge.coremod.transformer.CoreModClassTransformer@f5cf29b to Target : CLASS {Lnet/minecraft/world/level/block/StairBlock;} {} {V}
[181月2026 16:50:02.466] [main/DEBUG] [cpw.mods.modlauncher.TransformStore/MODLAUNCHER]: Adding transformer net.minecraftforge.coremod.transformer.CoreModClassTransformer@3c66b7d8 to Target : CLASS {Lnet/minecraft/world/level/block/FlowerPotBlock;} {} {V}
[181月2026 16:50:02.466] [main/DEBUG] [cpw.mods.modlauncher.TransformStore/MODLAUNCHER]: Adding transformer net.minecraftforge.coremod.transformer.CoreModClassTransformer@37e69c43 to Target : CLASS {Lnet/minecraft/world/item/ItemStack;} {} {V}
[181月2026 16:50:02.466] [main/DEBUG] [cpw.mods.modlauncher.TransformStore/MODLAUNCHER]: Adding transformer net.minecraftforge.coremod.transformer.CoreModClassTransformer@5c7dfc05 to Target : CLASS {Lnet/minecraft/network/play/client/CClientSettingsPacket;} {} {V}
[181月2026 16:50:02.466] [main/DEBUG] [cpw.mods.modlauncher.TransformStore/MODLAUNCHER]: Adding transformer net.minecraftforge.coremod.transformer.CoreModClassTransformer@345d053b to Target : CLASS {Lnet/minecraft/world/level/NaturalSpawner;} {} {V}
[181月2026 16:50:02.466] [main/DEBUG] [cpw.mods.modlauncher.TransformStore/MODLAUNCHER]: Adding transformer net.minecraftforge.coremod.transformer.CoreModClassTransformer@345d053b to Target : CLASS {Lnet/minecraft/world/level/levelgen/PatrolSpawner;} {} {V}
[181月2026 16:50:02.466] [main/DEBUG] [cpw.mods.modlauncher.TransformStore/MODLAUNCHER]: Adding transformer net.minecraftforge.coremod.transformer.CoreModClassTransformer@345d053b to Target : CLASS {Lnet/minecraft/world/level/levelgen/structure/structures/OceanMonumentPieces$OceanMonumentPiece;} {} {V}
[181月2026 16:50:02.466] [main/DEBUG] [cpw.mods.modlauncher.TransformStore/MODLAUNCHER]: Adding transformer net.minecraftforge.coremod.transformer.CoreModClassTransformer@345d053b to Target : CLASS {Lnet/minecraft/world/entity/npc/Villager;} {} {V}
[181月2026 16:50:02.466] [main/DEBUG] [cpw.mods.modlauncher.TransformStore/MODLAUNCHER]: Adding transformer net.minecraftforge.coremod.transformer.CoreModClassTransformer@345d053b to Target : CLASS {Lnet/minecraft/world/entity/monster/Strider;} {} {V}
[181月2026 16:50:02.466] [main/DEBUG] [cpw.mods.modlauncher.TransformStore/MODLAUNCHER]: Adding transformer net.minecraftforge.coremod.transformer.CoreModClassTransformer@345d053b to Target : CLASS {Lnet/minecraft/server/commands/SummonCommand;} {} {V}
[181月2026 16:50:02.466] [main/DEBUG] [cpw.mods.modlauncher.TransformStore/MODLAUNCHER]: Adding transformer net.minecraftforge.coremod.transformer.CoreModClassTransformer@345d053b to Target : CLASS {Lnet/minecraft/world/entity/raid/Raid;} {} {V}
[181月2026 16:50:02.468] [main/DEBUG] [cpw.mods.modlauncher.TransformStore/MODLAUNCHER]: Adding transformer net.minecraftforge.coremod.transformer.CoreModClassTransformer@345d053b to Target : CLASS {Lnet/minecraft/world/level/levelgen/PhantomSpawner;} {} {V}
[181月2026 16:50:02.468] [main/DEBUG] [cpw.mods.modlauncher.TransformStore/MODLAUNCHER]: Adding transformer net.minecraftforge.coremod.transformer.CoreModClassTransformer@345d053b to Target : CLASS {Lnet/minecraft/world/level/levelgen/structure/templatesystem/StructureTemplate;} {} {V}
[181月2026 16:50:02.468] [main/DEBUG] [cpw.mods.modlauncher.TransformStore/MODLAUNCHER]: Adding transformer net.minecraftforge.coremod.transformer.CoreModClassTransformer@345d053b to Target : CLASS {Lnet/minecraft/world/entity/monster/Zombie;} {} {V}
[181月2026 16:50:02.468] [main/DEBUG] [cpw.mods.modlauncher.TransformStore/MODLAUNCHER]: Adding transformer net.minecraftforge.coremod.transformer.CoreModClassTransformer@345d053b to Target : CLASS {Lnet/minecraft/world/entity/animal/horse/SkeletonTrapGoal;} {} {V}
[181月2026 16:50:02.468] [main/DEBUG] [cpw.mods.modlauncher.TransformStore/MODLAUNCHER]: Adding transformer net.minecraftforge.coremod.transformer.CoreModClassTransformer@345d053b to Target : CLASS {Lnet/minecraft/world/entity/animal/frog/Tadpole;} {} {V}
[181月2026 16:50:02.468] [main/DEBUG] [cpw.mods.modlauncher.TransformStore/MODLAUNCHER]: Adding transformer net.minecraftforge.coremod.transformer.CoreModClassTransformer@345d053b to Target : CLASS {Lnet/minecraft/world/level/levelgen/structure/structures/SwampHutPiece;} {} {V}
[181月2026 16:50:02.468] [main/DEBUG] [cpw.mods.modlauncher.TransformStore/MODLAUNCHER]: Adding transformer net.minecraftforge.coremod.transformer.CoreModClassTransformer@345d053b to Target : CLASS {Lnet/minecraft/world/level/levelgen/structure/structures/WoodlandMansionPieces$WoodlandMansionPiece;} {} {V}
[181月2026 16:50:02.468] [main/DEBUG] [cpw.mods.modlauncher.TransformStore/MODLAUNCHER]: Adding transformer net.minecraftforge.coremod.transformer.CoreModClassTransformer@345d053b to Target : CLASS {Lnet/minecraft/world/entity/monster/Spider;} {} {V}
[181月2026 16:50:02.468] [main/DEBUG] [cpw.mods.modlauncher.TransformStore/MODLAUNCHER]: Adding transformer net.minecraftforge.coremod.transformer.CoreModClassTransformer@345d053b to Target : CLASS {Lnet/minecraft/world/level/levelgen/structure/structures/OceanRuinPieces$OceanRuinPiece;} {} {V}
[181月2026 16:50:02.468] [main/DEBUG] [cpw.mods.modlauncher.TransformStore/MODLAUNCHER]: Adding transformer net.minecraftforge.coremod.transformer.CoreModClassTransformer@345d053b to Target : CLASS {Lnet/minecraft/world/entity/EntityType;} {} {V}
[181月2026 16:50:02.468] [main/DEBUG] [cpw.mods.modlauncher.TransformStore/MODLAUNCHER]: Adding transformer net.minecraftforge.coremod.transformer.CoreModClassTransformer@345d053b to Target : CLASS {Lnet/minecraft/world/entity/ai/village/VillageSiege;} {} {V}
[181月2026 16:50:02.468] [main/DEBUG] [cpw.mods.modlauncher.TransformStore/MODLAUNCHER]: Adding transformer net.minecraftforge.coremod.transformer.CoreModClassTransformer@345d053b to Target : CLASS {Lnet/minecraft/world/entity/monster/ZombieVillager;} {} {V}
[181月2026 16:50:02.468] [main/DEBUG] [cpw.mods.modlauncher.TransformStore/MODLAUNCHER]: Adding transformer net.minecraftforge.coremod.transformer.CoreModClassTransformer@345d053b to Target : CLASS {Lnet/minecraft/server/commands/RaidCommand;} {} {V}
[181月2026 16:50:02.468] [main/DEBUG] [cpw.mods.modlauncher.TransformStore/MODLAUNCHER]: Adding transformer net.minecraftforge.coremod.transformer.CoreModClassTransformer@345d053b to Target : CLASS {Lnet/minecraft/world/entity/monster/Evoker$EvokerSummonSpellGoal;} {} {V}
[181月2026 16:50:02.468] [main/DEBUG] [cpw.mods.modlauncher.TransformStore/MODLAUNCHER]: Adding transformer net.minecraftforge.coremod.transformer.CoreModClassTransformer@345d053b to Target : CLASS {Lnet/minecraft/world/entity/npc/CatSpawner;} {} {V}
[181月2026 16:50:02.468] [main/DEBUG] [cpw.mods.modlauncher.TransformationServiceDecorator/MODLAUNCHER]: Initialized transformers for transformation service fml
[181月2026 16:50:03.316] [main/DEBUG] [mixin/]: Processing prepare() for PlatformAgent[MixinPlatformAgentDefault:ModLauncher Root Container(ModLauncher:4f56a0a2)]
[181月2026 16:50:03.317] [main/DEBUG] [mixin/]: Registering mixin config: qliphoth_armaments.mixins.json
[181月2026 16:50:03.330] [main/DEBUG] [mixin/]: Compatibility level JAVA_17 specified by qliphoth_armaments.mixins.json is higher than the maximum level supported by this version of mixin (JAVA_13).
[181月2026 16:50:03.334] [main/INFO] [mixin/]: Compatibility level set to JAVA_17
[181月2026 16:50:03.334] [main/ERROR] [mixin/]: Mixin config qliphoth_armaments.mixins.json does not specify "minVersion" property
[181月2026 16:50:03.334] [main/DEBUG] [mixin/]: Processing launch tasks for PlatformAgent[MixinPlatformAgentDefault:ModLauncher Root Container(ModLauncher:4f56a0a2)]
[181月2026 16:50:03.334] [main/DEBUG] [mixin/]: Adding mixin platform agents for container SecureJarResource(minecraft)
[181月2026 16:50:03.334] [main/DEBUG] [mixin/]: Instancing new MixinPlatformAgentMinecraftForge for SecureJarResource(minecraft)
[181月2026 16:50:03.334] [main/DEBUG] [mixin/]: MixinPlatformAgentMinecraftForge rejected container SecureJarResource(minecraft)
[181月2026 16:50:03.334] [main/DEBUG] [mixin/]: Instancing new MixinPlatformAgentDefault for SecureJarResource(minecraft)
[181月2026 16:50:03.334] [main/DEBUG] [mixin/]: MixinPlatformAgentDefault accepted container SecureJarResource(minecraft)
[181月2026 16:50:03.334] [main/DEBUG] [mixin/]: Processing prepare() for PlatformAgent[MixinPlatformAgentDefault:SecureJarResource(minecraft)]
[181月2026 16:50:03.334] [main/DEBUG] [mixin/]: Adding mixin platform agents for container SecureJarResource(moonlight)
[181月2026 16:50:03.334] [main/DEBUG] [mixin/]: Instancing new MixinPlatformAgentMinecraftForge for SecureJarResource(moonlight)
[181月2026 16:50:03.334] [main/DEBUG] [mixin/]: MixinPlatformAgentMinecraftForge rejected container SecureJarResource(moonlight)
[181月2026 16:50:03.336] [main/DEBUG] [mixin/]: Instancing new MixinPlatformAgentDefault for SecureJarResource(moonlight)
[181月2026 16:50:03.336] [main/DEBUG] [mixin/]: MixinPlatformAgentDefault accepted container SecureJarResource(moonlight)
[181月2026 16:50:03.336] [main/DEBUG] [mixin/]: Processing prepare() for PlatformAgent[MixinPlatformAgentDefault:SecureJarResource(moonlight)]
[181月2026 16:50:03.336] [main/DEBUG] [mixin/]: Registering mixin config: moonlight-common.mixins.json
[181月2026 16:50:03.336] [main/DEBUG] [mixin/]: Registering mixin config: moonlight.mixins.json
[181月2026 16:50:03.338] [main/DEBUG] [mixin/]: Adding mixin platform agents for container SecureJarResource(jade)
[181月2026 16:50:03.338] [main/DEBUG] [mixin/]: Instancing new MixinPlatformAgentMinecraftForge for SecureJarResource(jade)
[181月2026 16:50:03.338] [main/DEBUG] [mixin/]: MixinPlatformAgentMinecraftForge rejected container SecureJarResource(jade)
[181月2026 16:50:03.338] [main/DEBUG] [mixin/]: Instancing new MixinPlatformAgentDefault for SecureJarResource(jade)
[181月2026 16:50:03.338] [main/DEBUG] [mixin/]: MixinPlatformAgentDefault accepted container SecureJarResource(jade)
[181月2026 16:50:03.338] [main/DEBUG] [mixin/]: Processing prepare() for PlatformAgent[MixinPlatformAgentDefault:SecureJarResource(jade)]
[181月2026 16:50:03.338] [main/DEBUG] [mixin/]: Registering mixin config: jade.mixins.json
[181月2026 16:50:03.338] [main/DEBUG] [mixin/]: Compatibility level JAVA_16 specified by jade.mixins.json is higher than the maximum level supported by this version of mixin (JAVA_13).
[181月2026 16:50:03.338] [main/DEBUG] [mixin/]: Adding mixin platform agents for container SecureJarResource(constructionwand)
[181月2026 16:50:03.338] [main/DEBUG] [mixin/]: Instancing new MixinPlatformAgentMinecraftForge for SecureJarResource(constructionwand)
[181月2026 16:50:03.338] [main/DEBUG] [mixin/]: MixinPlatformAgentMinecraftForge rejected container SecureJarResource(constructionwand)
[181月2026 16:50:03.338] [main/DEBUG] [mixin/]: Instancing new MixinPlatformAgentDefault for SecureJarResource(constructionwand)
[181月2026 16:50:03.338] [main/DEBUG] [mixin/]: MixinPlatformAgentDefault accepted container SecureJarResource(constructionwand)
[181月2026 16:50:03.338] [main/DEBUG] [mixin/]: Processing prepare() for PlatformAgent[MixinPlatformAgentDefault:SecureJarResource(constructionwand)]
[181月2026 16:50:03.338] [main/DEBUG] [mixin/]: Adding mixin platform agents for container SecureJarResource(shouldersurfing)
[181月2026 16:50:03.338] [main/DEBUG] [mixin/]: Instancing new MixinPlatformAgentMinecraftForge for SecureJarResource(shouldersurfing)
[181月2026 16:50:03.338] [main/DEBUG] [mixin/]: MixinPlatformAgentMinecraftForge rejected container SecureJarResource(shouldersurfing)
[181月2026 16:50:03.338] [main/DEBUG] [mixin/]: Instancing new MixinPlatformAgentDefault for SecureJarResource(shouldersurfing)
[181月2026 16:50:03.338] [main/DEBUG] [mixin/]: MixinPlatformAgentDefault accepted container SecureJarResource(shouldersurfing)
[181月2026 16:50:03.338] [main/DEBUG] [mixin/]: Processing prepare() for PlatformAgent[MixinPlatformAgentDefault:SecureJarResource(shouldersurfing)]
[181月2026 16:50:03.338] [main/DEBUG] [mixin/]: Registering mixin config: shouldersurfing.common.mixins.json
[181月2026 16:50:03.346] [main/DEBUG] [mixin/]: Registering mixin config: shouldersurfing.common.compat.mixins.json
[181月2026 16:50:03.346] [main/DEBUG] [mixin/]: Registering mixin config: shouldersurfing.forge.mixins.json
[181月2026 16:50:03.346] [main/DEBUG] [mixin/]: Registering mixin config: shouldersurfing.forge.compat.mixins.json
[181月2026 16:50:03.350] [main/DEBUG] [mixin/]: Adding mixin platform agents for container SecureJarResource(fdlib)
[181月2026 16:50:03.350] [main/DEBUG] [mixin/]: Instancing new MixinPlatformAgentMinecraftForge for SecureJarResource(fdlib)
[181月2026 16:50:03.350] [main/DEBUG] [mixin/]: MixinPlatformAgentMinecraftForge rejected container SecureJarResource(fdlib)
[181月2026 16:50:03.350] [main/DEBUG] [mixin/]: Instancing new MixinPlatformAgentDefault for SecureJarResource(fdlib)
[181月2026 16:50:03.350] [main/DEBUG] [mixin/]: MixinPlatformAgentDefault accepted container SecureJarResource(fdlib)
[181月2026 16:50:03.350] [main/DEBUG] [mixin/]: Processing prepare() for PlatformAgent[MixinPlatformAgentDefault:SecureJarResource(fdlib)]
[181月2026 16:50:03.350] [main/DEBUG] [mixin/]: Registering mixin config: fdlib.mixins.json
[181月2026 16:50:03.350] [main/DEBUG] [mixin/]: Adding mixin platform agents for container SecureJarResource(playeranimator)
[181月2026 16:50:03.350] [main/DEBUG] [mixin/]: Instancing new MixinPlatformAgentMinecraftForge for SecureJarResource(playeranimator)
[181月2026 16:50:03.350] [main/DEBUG] [mixin/]: MixinPlatformAgentMinecraftForge rejected container SecureJarResource(playeranimator)
[181月2026 16:50:03.350] [main/DEBUG] [mixin/]: Instancing new MixinPlatformAgentDefault for SecureJarResource(playeranimator)
[181月2026 16:50:03.350] [main/DEBUG] [mixin/]: MixinPlatformAgentDefault accepted container SecureJarResource(playeranimator)
[181月2026 16:50:03.350] [main/DEBUG] [mixin/]: Processing prepare() for PlatformAgent[MixinPlatformAgentDefault:SecureJarResource(playeranimator)]
[181月2026 16:50:03.350] [main/DEBUG] [mixin/]: Registering mixin config: playerAnimator-common.mixins.json
[181月2026 16:50:03.350] [main/DEBUG] [mixin/]: Compatibility level JAVA_16 specified by playerAnimator-common.mixins.json is higher than the maximum level supported by this version of mixin (JAVA_13).
[181月2026 16:50:03.350] [main/DEBUG] [mixin/]: Adding mixin platform agents for container SecureJarResource(fdbosses)
[181月2026 16:50:03.350] [main/DEBUG] [mixin/]: Instancing new MixinPlatformAgentMinecraftForge for SecureJarResource(fdbosses)
[181月2026 16:50:03.350] [main/DEBUG] [mixin/]: MixinPlatformAgentMinecraftForge rejected container SecureJarResource(fdbosses)
[181月2026 16:50:03.350] [main/DEBUG] [mixin/]: Instancing new MixinPlatformAgentDefault for SecureJarResource(fdbosses)
[181月2026 16:50:03.350] [main/DEBUG] [mixin/]: MixinPlatformAgentDefault accepted container SecureJarResource(fdbosses)
[181月2026 16:50:03.350] [main/DEBUG] [mixin/]: Processing prepare() for PlatformAgent[MixinPlatformAgentDefault:SecureJarResource(fdbosses)]
[181月2026 16:50:03.350] [main/DEBUG] [mixin/]: Registering mixin config: fdbosses.mixins.json
[181月2026 16:50:03.356] [main/DEBUG] [mixin/]: Adding mixin platform agents for container SecureJarResource(qliphoth_armaments)
[181月2026 16:50:03.356] [main/DEBUG] [mixin/]: Instancing new MixinPlatformAgentMinecraftForge for SecureJarResource(qliphoth_armaments)
[181月2026 16:50:03.356] [main/DEBUG] [mixin/]: MixinPlatformAgentMinecraftForge rejected container SecureJarResource(qliphoth_armaments)
[181月2026 16:50:03.356] [main/DEBUG] [mixin/]: Instancing new MixinPlatformAgentDefault for SecureJarResource(qliphoth_armaments)
[181月2026 16:50:03.356] [main/DEBUG] [mixin/]: MixinPlatformAgentDefault accepted container SecureJarResource(qliphoth_armaments)
[181月2026 16:50:03.356] [main/DEBUG] [mixin/]: Processing prepare() for PlatformAgent[MixinPlatformAgentDefault:SecureJarResource(qliphoth_armaments)]
[181月2026 16:50:03.356] [main/DEBUG] [mixin/]: Adding mixin platform agents for container SecureJarResource(jei)
[181月2026 16:50:03.356] [main/DEBUG] [mixin/]: Instancing new MixinPlatformAgentMinecraftForge for SecureJarResource(jei)
[181月2026 16:50:03.356] [main/DEBUG] [mixin/]: MixinPlatformAgentMinecraftForge rejected container SecureJarResource(jei)
[181月2026 16:50:03.356] [main/DEBUG] [mixin/]: Instancing new MixinPlatformAgentDefault for SecureJarResource(jei)
[181月2026 16:50:03.356] [main/DEBUG] [mixin/]: MixinPlatformAgentDefault accepted container SecureJarResource(jei)
[181月2026 16:50:03.356] [main/DEBUG] [mixin/]: Processing prepare() for PlatformAgent[MixinPlatformAgentDefault:SecureJarResource(jei)]
[181月2026 16:50:03.356] [main/DEBUG] [mixin/]: Adding mixin platform agents for container SecureJarResource(lionfishapi)
[181月2026 16:50:03.356] [main/DEBUG] [mixin/]: Instancing new MixinPlatformAgentMinecraftForge for SecureJarResource(lionfishapi)
[181月2026 16:50:03.356] [main/DEBUG] [mixin/]: MixinPlatformAgentMinecraftForge rejected container SecureJarResource(lionfishapi)
[181月2026 16:50:03.356] [main/DEBUG] [mixin/]: Instancing new MixinPlatformAgentDefault for SecureJarResource(lionfishapi)
[181月2026 16:50:03.356] [main/DEBUG] [mixin/]: MixinPlatformAgentDefault accepted container SecureJarResource(lionfishapi)
[181月2026 16:50:03.356] [main/DEBUG] [mixin/]: Processing prepare() for PlatformAgent[MixinPlatformAgentDefault:SecureJarResource(lionfishapi)]
[181月2026 16:50:03.356] [main/DEBUG] [mixin/]: Registering mixin config: lionfishapi.mixins.json
[181月2026 16:50:03.356] [main/DEBUG] [mixin/]: Adding mixin platform agents for container SecureJarResource(cloth_config)
[181月2026 16:50:03.360] [main/DEBUG] [mixin/]: Instancing new MixinPlatformAgentMinecraftForge for SecureJarResource(cloth_config)
[181月2026 16:50:03.360] [main/DEBUG] [mixin/]: MixinPlatformAgentMinecraftForge rejected container SecureJarResource(cloth_config)
[181月2026 16:50:03.360] [main/DEBUG] [mixin/]: Instancing new MixinPlatformAgentDefault for SecureJarResource(cloth_config)
[181月2026 16:50:03.360] [main/DEBUG] [mixin/]: MixinPlatformAgentDefault accepted container SecureJarResource(cloth_config)
[181月2026 16:50:03.360] [main/DEBUG] [mixin/]: Processing prepare() for PlatformAgent[MixinPlatformAgentDefault:SecureJarResource(cloth_config)]
[181月2026 16:50:03.360] [main/DEBUG] [mixin/]: Adding mixin platform agents for container SecureJarResource(bettercombat)
[181月2026 16:50:03.360] [main/DEBUG] [mixin/]: Instancing new MixinPlatformAgentMinecraftForge for SecureJarResource(bettercombat)
[181月2026 16:50:03.360] [main/DEBUG] [mixin/]: MixinPlatformAgentMinecraftForge rejected container SecureJarResource(bettercombat)
[181月2026 16:50:03.360] [main/DEBUG] [mixin/]: Instancing new MixinPlatformAgentDefault for SecureJarResource(bettercombat)
[181月2026 16:50:03.360] [main/DEBUG] [mixin/]: MixinPlatformAgentDefault accepted container SecureJarResource(bettercombat)
[181月2026 16:50:03.360] [main/DEBUG] [mixin/]: Processing prepare() for PlatformAgent[MixinPlatformAgentDefault:SecureJarResource(bettercombat)]
[181月2026 16:50:03.360] [main/DEBUG] [mixin/]: Registering mixin config: bettercombat.mixins.json
[181月2026 16:50:03.360] [main/DEBUG] [mixin/]: Adding mixin platform agents for container SecureJarResource(spark)
[181月2026 16:50:03.360] [main/DEBUG] [mixin/]: Instancing new MixinPlatformAgentMinecraftForge for SecureJarResource(spark)
[181月2026 16:50:03.360] [main/DEBUG] [mixin/]: MixinPlatformAgentMinecraftForge rejected container SecureJarResource(spark)
[181月2026 16:50:03.360] [main/DEBUG] [mixin/]: Instancing new MixinPlatformAgentDefault for SecureJarResource(spark)
[181月2026 16:50:03.360] [main/DEBUG] [mixin/]: MixinPlatformAgentDefault accepted container SecureJarResource(spark)
[181月2026 16:50:03.360] [main/DEBUG] [mixin/]: Processing prepare() for PlatformAgent[MixinPlatformAgentDefault:SecureJarResource(spark)]
[181月2026 16:50:03.360] [main/DEBUG] [mixin/]: Adding mixin platform agents for container SecureJarResource(forge)
[181月2026 16:50:03.360] [main/DEBUG] [mixin/]: Instancing new MixinPlatformAgentMinecraftForge for SecureJarResource(forge)
[181月2026 16:50:03.360] [main/DEBUG] [mixin/]: MixinPlatformAgentMinecraftForge rejected container SecureJarResource(forge)
[181月2026 16:50:03.360] [main/DEBUG] [mixin/]: Instancing new MixinPlatformAgentDefault for SecureJarResource(forge)
[181月2026 16:50:03.360] [main/DEBUG] [mixin/]: MixinPlatformAgentDefault accepted container SecureJarResource(forge)
[181月2026 16:50:03.360] [main/DEBUG] [mixin/]: Processing prepare() for PlatformAgent[MixinPlatformAgentDefault:SecureJarResource(forge)]
[181月2026 16:50:03.360] [main/DEBUG] [mixin/]: Adding mixin platform agents for container SecureJarResource(appleskin)
[181月2026 16:50:03.360] [main/DEBUG] [mixin/]: Instancing new MixinPlatformAgentMinecraftForge for SecureJarResource(appleskin)
[181月2026 16:50:03.360] [main/DEBUG] [mixin/]: MixinPlatformAgentMinecraftForge rejected container SecureJarResource(appleskin)
[181月2026 16:50:03.360] [main/DEBUG] [mixin/]: Instancing new MixinPlatformAgentDefault for SecureJarResource(appleskin)
[181月2026 16:50:03.360] [main/DEBUG] [mixin/]: MixinPlatformAgentDefault accepted container SecureJarResource(appleskin)
[181月2026 16:50:03.360] [main/DEBUG] [mixin/]: Processing prepare() for PlatformAgent[MixinPlatformAgentDefault:SecureJarResource(appleskin)]
[181月2026 16:50:03.360] [main/DEBUG] [mixin/]: Adding mixin platform agents for container SecureJarResource(dummmmmmy)
[181月2026 16:50:03.360] [main/DEBUG] [mixin/]: Instancing new MixinPlatformAgentMinecraftForge for SecureJarResource(dummmmmmy)
[181月2026 16:50:03.360] [main/DEBUG] [mixin/]: MixinPlatformAgentMinecraftForge rejected container SecureJarResource(dummmmmmy)
[181月2026 16:50:03.360] [main/DEBUG] [mixin/]: Instancing new MixinPlatformAgentDefault for SecureJarResource(dummmmmmy)
[181月2026 16:50:03.360] [main/DEBUG] [mixin/]: MixinPlatformAgentDefault accepted container SecureJarResource(dummmmmmy)
[181月2026 16:50:03.360] [main/DEBUG] [mixin/]: Processing prepare() for PlatformAgent[MixinPlatformAgentDefault:SecureJarResource(dummmmmmy)]
[181月2026 16:50:03.360] [main/DEBUG] [mixin/]: Registering mixin config: dummmmmmy-common.mixins.json
[181月2026 16:50:03.366] [main/DEBUG] [mixin/]: Registering mixin config: dummmmmmy.mixins.json
[181月2026 16:50:03.366] [main/DEBUG] [mixin/]: Compatibility level JAVA_16 specified by dummmmmmy.mixins.json is higher than the maximum level supported by this version of mixin (JAVA_13).
[181月2026 16:50:03.366] [main/DEBUG] [mixin/]: Adding mixin platform agents for container SecureJarResource(curios)
[181月2026 16:50:03.366] [main/DEBUG] [mixin/]: Instancing new MixinPlatformAgentMinecraftForge for SecureJarResource(curios)
[181月2026 16:50:03.366] [main/DEBUG] [mixin/]: MixinPlatformAgentMinecraftForge rejected container SecureJarResource(curios)
[181月2026 16:50:03.366] [main/DEBUG] [mixin/]: Instancing new MixinPlatformAgentDefault for SecureJarResource(curios)
[181月2026 16:50:03.366] [main/DEBUG] [mixin/]: MixinPlatformAgentDefault accepted container SecureJarResource(curios)
[181月2026 16:50:03.366] [main/DEBUG] [mixin/]: Processing prepare() for PlatformAgent[MixinPlatformAgentDefault:SecureJarResource(curios)]
[181月2026 16:50:03.366] [main/DEBUG] [mixin/]: Registering mixin config: curios.mixins.json
[181月2026 16:50:03.370] [main/DEBUG] [mixin/]: Adding mixin platform agents for container SecureJarResource(cataclysm)
[181月2026 16:50:03.370] [main/DEBUG] [mixin/]: Instancing new MixinPlatformAgentMinecraftForge for SecureJarResource(cataclysm)
[181月2026 16:50:03.370] [main/DEBUG] [mixin/]: MixinPlatformAgentMinecraftForge rejected container SecureJarResource(cataclysm)
[181月2026 16:50:03.370] [main/DEBUG] [mixin/]: Instancing new MixinPlatformAgentDefault for SecureJarResource(cataclysm)
[181月2026 16:50:03.370] [main/DEBUG] [mixin/]: MixinPlatformAgentDefault accepted container SecureJarResource(cataclysm)
[181月2026 16:50:03.370] [main/DEBUG] [mixin/]: Processing prepare() for PlatformAgent[MixinPlatformAgentDefault:SecureJarResource(cataclysm)]
[181月2026 16:50:03.370] [main/DEBUG] [mixin/]: Registering mixin config: lionfishapi.mixins.json
[181月2026 16:50:03.370] [main/DEBUG] [mixin/]: Registering mixin config: cataclysm.mixins.json
[181月2026 16:50:03.370] [main/DEBUG] [mixin/]: Adding mixin platform agents for container SecureJarResource(mixinextras)
[181月2026 16:50:03.370] [main/DEBUG] [mixin/]: Instancing new MixinPlatformAgentMinecraftForge for SecureJarResource(mixinextras)
[181月2026 16:50:03.370] [main/DEBUG] [mixin/]: MixinPlatformAgentMinecraftForge rejected container SecureJarResource(mixinextras)
[181月2026 16:50:03.370] [main/DEBUG] [mixin/]: Instancing new MixinPlatformAgentDefault for SecureJarResource(mixinextras)
[181月2026 16:50:03.370] [main/DEBUG] [mixin/]: MixinPlatformAgentDefault accepted container SecureJarResource(mixinextras)
[181月2026 16:50:03.370] [main/DEBUG] [mixin/]: Processing prepare() for PlatformAgent[MixinPlatformAgentDefault:SecureJarResource(mixinextras)]
[181月2026 16:50:03.373] [main/DEBUG] [mixin/]: Registering mixin config: mixinextras.init.mixins.json
[181月2026 16:50:03.373] [main/DEBUG] [mixin/]: Adding mixin platform agents for container SecureJarResource(MixinExtras)
[181月2026 16:50:03.373] [main/DEBUG] [mixin/]: Instancing new MixinPlatformAgentMinecraftForge for SecureJarResource(MixinExtras)
[181月2026 16:50:03.373] [main/DEBUG] [mixin/]: MixinPlatformAgentMinecraftForge rejected container SecureJarResource(MixinExtras)
[181月2026 16:50:03.373] [main/DEBUG] [mixin/]: Instancing new MixinPlatformAgentDefault for SecureJarResource(MixinExtras)
[181月2026 16:50:03.373] [main/DEBUG] [mixin/]: MixinPlatformAgentDefault accepted container SecureJarResource(MixinExtras)
[181月2026 16:50:03.373] [main/DEBUG] [mixin/]: Processing prepare() for PlatformAgent[MixinPlatformAgentDefault:SecureJarResource(MixinExtras)]
[181月2026 16:50:03.373] [main/DEBUG] [mixin/]: inject() running with 22 agents
[181月2026 16:50:03.373] [main/DEBUG] [mixin/]: Processing inject() for PlatformAgent[MixinPlatformAgentDefault:ModLauncher Root Container(ModLauncher:4f56a0a2)]
[181月2026 16:50:03.373] [main/DEBUG] [mixin/]: Processing inject() for PlatformAgent[MixinPlatformAgentDefault:SecureJarResource(minecraft)]
[181月2026 16:50:03.373] [main/DEBUG] [mixin/]: Processing inject() for PlatformAgent[MixinPlatformAgentDefault:SecureJarResource(moonlight)]
[181月2026 16:50:03.373] [main/DEBUG] [mixin/]: Processing inject() for PlatformAgent[MixinPlatformAgentDefault:SecureJarResource(jade)]
[181月2026 16:50:03.373] [main/DEBUG] [mixin/]: Processing inject() for PlatformAgent[MixinPlatformAgentDefault:SecureJarResource(constructionwand)]
[181月2026 16:50:03.373] [main/DEBUG] [mixin/]: Processing inject() for PlatformAgent[MixinPlatformAgentDefault:SecureJarResource(shouldersurfing)]
[181月2026 16:50:03.373] [main/DEBUG] [mixin/]: Processing inject() for PlatformAgent[MixinPlatformAgentDefault:SecureJarResource(fdlib)]
[181月2026 16:50:03.376] [main/DEBUG] [mixin/]: Processing inject() for PlatformAgent[MixinPlatformAgentDefault:SecureJarResource(playeranimator)]
[181月2026 16:50:03.376] [main/DEBUG] [mixin/]: Processing inject() for PlatformAgent[MixinPlatformAgentDefault:SecureJarResource(fdbosses)]
[181月2026 16:50:03.376] [main/DEBUG] [mixin/]: Processing inject() for PlatformAgent[MixinPlatformAgentDefault:SecureJarResource(qliphoth_armaments)]
[181月2026 16:50:03.376] [main/DEBUG] [mixin/]: Processing inject() for PlatformAgent[MixinPlatformAgentDefault:SecureJarResource(jei)]
[181月2026 16:50:03.376] [main/DEBUG] [mixin/]: Processing inject() for PlatformAgent[MixinPlatformAgentDefault:SecureJarResource(lionfishapi)]
[181月2026 16:50:03.376] [main/DEBUG] [mixin/]: Processing inject() for PlatformAgent[MixinPlatformAgentDefault:SecureJarResource(cloth_config)]
[181月2026 16:50:03.376] [main/DEBUG] [mixin/]: Processing inject() for PlatformAgent[MixinPlatformAgentDefault:SecureJarResource(bettercombat)]
[181月2026 16:50:03.376] [main/DEBUG] [mixin/]: Processing inject() for PlatformAgent[MixinPlatformAgentDefault:SecureJarResource(spark)]
[181月2026 16:50:03.376] [main/DEBUG] [mixin/]: Processing inject() for PlatformAgent[MixinPlatformAgentDefault:SecureJarResource(forge)]
[181月2026 16:50:03.376] [main/DEBUG] [mixin/]: Processing inject() for PlatformAgent[MixinPlatformAgentDefault:SecureJarResource(appleskin)]
[181月2026 16:50:03.376] [main/DEBUG] [mixin/]: Processing inject() for PlatformAgent[MixinPlatformAgentDefault:SecureJarResource(dummmmmmy)]
[181月2026 16:50:03.376] [main/DEBUG] [mixin/]: Processing inject() for PlatformAgent[MixinPlatformAgentDefault:SecureJarResource(curios)]
[181月2026 16:50:03.376] [main/DEBUG] [mixin/]: Processing inject() for PlatformAgent[MixinPlatformAgentDefault:SecureJarResource(cataclysm)]
[181月2026 16:50:03.376] [main/DEBUG] [mixin/]: Processing inject() for PlatformAgent[MixinPlatformAgentDefault:SecureJarResource(mixinextras)]
[181月2026 16:50:03.376] [main/DEBUG] [mixin/]: Processing inject() for PlatformAgent[MixinPlatformAgentDefault:SecureJarResource(MixinExtras)]
[181月2026 16:50:03.376] [main/INFO] [cpw.mods.modlauncher.LaunchServiceHandler/MODLAUNCHER]: Launching target 'forgedatauserdev' with arguments [--gameDir, ., --assetsDir, C:\Users\stard_i5grhqf\.gradle\caches\forge_gradle\assets, --assetIndex, 5, --mod, qliphoth_armaments, --all, --output, C:\Users\stard_i5grhqf\Documents\GitHub\Qliphoth_Armaments\src\generated\resources, --existing, C:\Users\stard_i5grhqf\Documents\GitHub\Qliphoth_Armaments\src\main\resources]
[181月2026 16:50:03.431] [main/DEBUG] [mixin/]: Error cleaning class output directory: .mixin.out
[181月2026 16:50:03.436] [main/DEBUG] [mixin/]: Preparing mixins for MixinEnvironment[DEFAULT]
[181月2026 16:50:03.436] [main/DEBUG] [mixin/]: Selecting config qliphoth_armaments.mixins.json
[181月2026 16:50:03.438] [main/DEBUG] [mixin/]: Selecting config moonlight-common.mixins.json
[181月2026 16:50:03.732] [main/INFO] [mixin/]: Remapping refMap moonlight-common-refmap.json using C:\Users\stard_i5grhqf\Documents\GitHub\Qliphoth_Armaments\build\createSrgToMcp\output.srg
[181月2026 16:50:03.732] [main/DEBUG] [mixin/]: Selecting config moonlight.mixins.json
[181月2026 16:50:03.734] [main/INFO] [mixin/]: Remapping refMap moonlight-forge-refmap.json using C:\Users\stard_i5grhqf\Documents\GitHub\Qliphoth_Armaments\build\createSrgToMcp\output.srg
[181月2026 16:50:03.734] [main/DEBUG] [mixin/]: Selecting config jade.mixins.json
[181月2026 16:50:03.736] [main/INFO] [mixin/]: Remapping refMap jade.refmap.json using C:\Users\stard_i5grhqf\Documents\GitHub\Qliphoth_Armaments\build\createSrgToMcp\output.srg
[181月2026 16:50:03.736] [main/DEBUG] [mixin/]: Selecting config shouldersurfing.common.mixins.json
[181月2026 16:50:03.736] [main/INFO] [mixin/]: Remapping refMap shouldersurfing.refmap.json using C:\Users\stard_i5grhqf\Documents\GitHub\Qliphoth_Armaments\build\createSrgToMcp\output.srg
[181月2026 16:50:03.738] [main/DEBUG] [mixin/]: Selecting config shouldersurfing.common.compat.mixins.json
[181月2026 16:50:03.739] [main/INFO] [mixin/]: Remapping refMap shouldersurfing.refmap.json using C:\Users\stard_i5grhqf\Documents\GitHub\Qliphoth_Armaments\build\createSrgToMcp\output.srg
[181月2026 16:50:03.739] [main/DEBUG] [mixin/]: Selecting config shouldersurfing.forge.mixins.json
[181月2026 16:50:03.741] [main/INFO] [mixin/]: Remapping refMap shouldersurfing.refmap.json using C:\Users\stard_i5grhqf\Documents\GitHub\Qliphoth_Armaments\build\createSrgToMcp\output.srg
[181月2026 16:50:03.741] [main/DEBUG] [mixin/]: Selecting config shouldersurfing.forge.compat.mixins.json
[181月2026 16:50:03.750] [main/INFO] [mixin/]: Remapping refMap shouldersurfing.refmap.json using C:\Users\stard_i5grhqf\Documents\GitHub\Qliphoth_Armaments\build\createSrgToMcp\output.srg
[181月2026 16:50:03.750] [main/DEBUG] [mixin/]: Selecting config fdlib.mixins.json
[181月2026 16:50:03.752] [main/INFO] [mixin/]: Remapping refMap fdlib.refmap.json using C:\Users\stard_i5grhqf\Documents\GitHub\Qliphoth_Armaments\build\createSrgToMcp\output.srg
[181月2026 16:50:03.752] [main/DEBUG] [mixin/]: Selecting config playerAnimator-common.mixins.json
[181月2026 16:50:03.766] [main/INFO] [mixin/]: Remapping refMap player-animation-lib-minecraft_common-refmap.json using C:\Users\stard_i5grhqf\Documents\GitHub\Qliphoth_Armaments\build\createSrgToMcp\output.srg
[181月2026 16:50:03.766] [main/DEBUG] [mixin/]: Selecting config fdbosses.mixins.json
[181月2026 16:50:03.768] [main/INFO] [mixin/]: Remapping refMap fdbosses.refmap.json using C:\Users\stard_i5grhqf\Documents\GitHub\Qliphoth_Armaments\build\createSrgToMcp\output.srg
[181月2026 16:50:03.768] [main/DEBUG] [mixin/]: Selecting config lionfishapi.mixins.json
[181月2026 16:50:03.768] [main/INFO] [mixin/]: Remapping refMap lionfishapi.refmap.json using C:\Users\stard_i5grhqf\Documents\GitHub\Qliphoth_Armaments\build\createSrgToMcp\output.srg
[181月2026 16:50:03.768] [main/DEBUG] [mixin/]: Selecting config bettercombat.mixins.json
[181月2026 16:50:03.774] [main/INFO] [mixin/]: Remapping refMap bettercombat-common-common-refmap.json using C:\Users\stard_i5grhqf\Documents\GitHub\Qliphoth_Armaments\build\createSrgToMcp\output.srg
[181月2026 16:50:03.774] [main/DEBUG] [mixin/]: Selecting config dummmmmmy-common.mixins.json
[181月2026 16:50:03.776] [main/INFO] [mixin/]: Remapping refMap dummmmmmy-common-refmap.json using C:\Users\stard_i5grhqf\Documents\GitHub\Qliphoth_Armaments\build\createSrgToMcp\output.srg
[181月2026 16:50:03.776] [main/DEBUG] [mixin/]: Selecting config dummmmmmy.mixins.json
[181月2026 16:50:03.778] [main/DEBUG] [mixin/]: Selecting config curios.mixins.json
[181月2026 16:50:03.778] [main/INFO] [mixin/]: Remapping refMap curios.refmap.json using C:\Users\stard_i5grhqf\Documents\GitHub\Qliphoth_Armaments\build\createSrgToMcp\output.srg
[181月2026 16:50:03.778] [main/DEBUG] [mixin/]: Selecting config cataclysm.mixins.json
[181月2026 16:50:03.781] [main/INFO] [mixin/]: Remapping refMap cataclysm.refmap.json using C:\Users\stard_i5grhqf\Documents\GitHub\Qliphoth_Armaments\build\createSrgToMcp\output.srg
[181月2026 16:50:03.781] [main/DEBUG] [mixin/]: Selecting config mixinextras.init.mixins.json
[181月2026 16:50:03.841] [main/DEBUG] [MixinExtras|Service/]: com.llamalad7.mixinextras.service.MixinExtrasServiceImpl(version=0.5.0) is taking over from null
[181月2026 16:50:03.886] [main/DEBUG] [mixin/]: Registering new injector for @Inject with org.spongepowered.asm.mixin.injection.struct.CallbackInjectionInfo
[181月2026 16:50:03.888] [main/DEBUG] [mixin/]: Registering new injector for @ModifyArg with org.spongepowered.asm.mixin.injection.struct.ModifyArgInjectionInfo
[181月2026 16:50:03.888] [main/DEBUG] [mixin/]: Registering new injector for @ModifyArgs with org.spongepowered.asm.mixin.injection.struct.ModifyArgsInjectionInfo
[181月2026 16:50:03.890] [main/DEBUG] [mixin/]: Registering new injector for @Redirect with org.spongepowered.asm.mixin.injection.struct.RedirectInjectionInfo
[181月2026 16:50:03.890] [main/DEBUG] [mixin/]: Registering new injector for @ModifyVariable with org.spongepowered.asm.mixin.injection.struct.ModifyVariableInjectionInfo
[181月2026 16:50:03.892] [main/DEBUG] [mixin/]: Registering new injector for @ModifyConstant with org.spongepowered.asm.mixin.injection.struct.ModifyConstantInjectionInfo
[181月2026 16:50:03.897] [main/DEBUG] [mixin/]: Preparing qliphoth_armaments.mixins.json (3)
[181月2026 16:50:03.926] [main/DEBUG] [mixin/]: Preparing moonlight-common.mixins.json (38)
[181月2026 16:50:04.026] [main/DEBUG] [net.minecraftforge.coremod.transformer.CoreModBaseTransformer/COREMOD]: Transforming net/minecraft/world/entity/npc/Villager
[181月2026 16:50:04.253] [main/DEBUG] [mixin/]: Preparing moonlight.mixins.json (12)
[181月2026 16:50:04.256] [main/DEBUG] [mixin/]: Preparing jade.mixins.json (3)
[181月2026 16:50:04.263] [main/DEBUG] [mixin/]: Preparing shouldersurfing.common.mixins.json (23)
[181月2026 16:50:04.316] [main/DEBUG] [mixin/]: Preparing shouldersurfing.common.compat.mixins.json (0)
[181月2026 16:50:04.316] [main/DEBUG] [mixin/]: Preparing shouldersurfing.forge.mixins.json (1)
[181月2026 16:50:04.316] [main/DEBUG] [mixin/]: Preparing shouldersurfing.forge.compat.mixins.json (0)
[181月2026 16:50:04.316] [main/DEBUG] [mixin/]: Preparing fdlib.mixins.json (13)
[181月2026 16:50:04.330] [main/DEBUG] [mixin/]: Preparing playerAnimator-common.mixins.json (14)
[181月2026 16:50:04.338] [main/DEBUG] [mixin/]: Preparing fdbosses.mixins.json (10)
[181月2026 16:50:04.354] [main/DEBUG] [mixin/]: Preparing lionfishapi.mixins.json (2)
[181月2026 16:50:04.356] [main/DEBUG] [mixin/]: Preparing bettercombat.mixins.json (17)
[181月2026 16:50:04.360] [main/DEBUG] [net.minecraftforge.coremod.transformer.CoreModBaseTransformer/COREMOD]: Transforming net/minecraft/world/item/ItemStack
[181月2026 16:50:04.396] [main/DEBUG] [mixin/]: Preparing dummmmmmy-common.mixins.json (5)
[181月2026 16:50:04.396] [main/DEBUG] [mixin/]: Preparing dummmmmmy.mixins.json (0)
[181月2026 16:50:04.399] [main/DEBUG] [mixin/]: Preparing curios.mixins.json (13)
[181月2026 16:50:04.404] [main/DEBUG] [mixin/]: Preparing cataclysm.mixins.json (23)
[181月2026 16:50:04.412] [main/DEBUG] [net.minecraftforge.coremod.transformer.CoreModBaseTransformer/COREMOD]: Transforming net/minecraft/world/level/levelgen/structure/templatesystem/StructureTemplate
[181月2026 16:50:04.486] [main/DEBUG] [mixin/]: Preparing mixinextras.init.mixins.json (0)
[181月2026 16:50:04.501] [main/DEBUG] [mixin/]: Inner class net/mehvahdjukaar/moonlight/core/mixins/forge/ItemMixin$1 in net/mehvahdjukaar/moonlight/core/mixins/forge/ItemMixin on net/minecraft/world/item/Item gets unique name net/minecraft/world/item/Item$Anonymous$4932041963824fde8561571f697c774f
[181月2026 16:50:04.526] [main/DEBUG] [mixin/]: Prepared 175 mixins in 1.090 sec (6.2ms avg) (0ms load, 0ms transform, 0ms plugin)
[181月2026 16:50:04.629] [main/DEBUG] [io.netty.util.internal.logging.InternalLoggerFactory/]: Using SLF4J as the default logging framework
[181月2026 16:50:04.629] [main/DEBUG] [io.netty.util.ResourceLeakDetector/]: -Dio.netty.leakDetection.level: simple
[181月2026 16:50:04.629] [main/DEBUG] [io.netty.util.ResourceLeakDetector/]: -Dio.netty.leakDetection.targetRecords: 4
[181月2026 16:50:04.716] [main/INFO] [MixinExtras|Service/]: Initializing MixinExtras via com.llamalad7.mixinextras.service.MixinExtrasServiceImpl(version=0.5.0).
[181月2026 16:50:04.720] [main/DEBUG] [mixin/]: Registering new injector for @SugarWrapper with com.llamalad7.mixinextras.sugar.impl.SugarWrapperInjectionInfo
[181月2026 16:50:04.720] [main/DEBUG] [mixin/]: Registering new injector for @FactoryRedirectWrapper with com.llamalad7.mixinextras.wrapper.factory.FactoryRedirectWrapperInjectionInfo
[181月2026 16:50:04.720] [main/DEBUG] [mixin/]: Registering new injector for @ExpressionInjectorWrapper with com.llamalad7.mixinextras.expression.impl.wrapper.ExpressionInjectorWrapperInjectionInfo
[181月2026 16:50:04.729] [main/DEBUG] [mixin/]: Mixing ResourceLocationAccessor from shouldersurfing.common.mixins.json into net.minecraft.resources.ResourceLocation
[181月2026 16:50:04.729] [main/DEBUG] [mixin/]: Renaming @Invoker method invokeIsValidNamespace(Ljava/lang/String;)Z to invokeIsValidNamespace_$md$0140e5$0 in shouldersurfing.common.mixins.json:ResourceLocationAccessor
[181月2026 16:50:04.773] [main/INFO] [net.minecraftforge.data.loading.DatagenModLoader/]: Initializing Data Gatherer for mods [qliphoth_armaments]
[181月2026 16:50:04.880] [main/DEBUG] [mixin/]: Mixing EntityMixin from lionfishapi.mixins.json into net.minecraft.world.entity.Entity
[181月2026 16:50:04.906] [main/DEBUG] [mixin/]: Mixing AccessorEntity from curios.mixins.json into net.minecraft.world.entity.Entity
[181月2026 16:50:04.911] [main/DEBUG] [mixin/]: Mixing EntityMixin from fdbosses.mixins.json into net.minecraft.world.entity.Entity
[181月2026 16:50:05.013] [main/DEBUG] [mixin/]: Mixing LivingEntityAccessor from bettercombat.mixins.json into net.minecraft.world.entity.LivingEntity
[181月2026 16:50:05.019] [main/DEBUG] [mixin/]: Mixing LivingEntityMixin from bettercombat.mixins.json into net.minecraft.world.entity.LivingEntity
[181月2026 16:50:05.021] [main/DEBUG] [mixin/]: Renaming synthetic method lambda$getAttributeValue_Inject$0(Lnet/minecraft/world/entity/player/Player;Lnet/minecraft/world/entity/ai/attributes/Attribute;Lorg/spongepowered/asm/mixin/injection/callback/CallbackInfoReturnable;)V to md0140e5$lambda$getAttributeValue_Inject$0$0 in bettercombat.mixins.json:LivingEntityMixin
[181月2026 16:50:05.026] [main/DEBUG] [mixin/]: Mixing LivingEntityMixin from dummmmmmy-common.mixins.json into net.minecraft.world.entity.LivingEntity
[181月2026 16:50:05.029] [main/DEBUG] [mixin/]: Mixing MixinLivingEntity from curios.mixins.json into net.minecraft.world.entity.LivingEntity
[181月2026 16:50:05.029] [main/DEBUG] [mixin/]: Mixing LivingEntityMixin from cataclysm.mixins.json into net.minecraft.world.entity.LivingEntity
[181月2026 16:50:05.055] [main/DEBUG] [net.minecraftforge.coremod.transformer.CoreModBaseTransformer/COREMOD]: Transforming net/minecraft/world/entity/EntityType
[181月2026 16:50:05.146] [main/DEBUG] [mixin/]: Mixing ServerLevelMixin from moonlight-common.mixins.json into net.minecraft.server.level.ServerLevel
[181月2026 16:50:05.189] [main/DEBUG] [mixin/]: Mixing ItemMixin from cataclysm.mixins.json into net.minecraft.world.entity.item.ItemEntity
[181月2026 16:50:05.201] [main/DEBUG] [mixin/]: Mixing MixinPlayer from shouldersurfing.common.mixins.json into net.minecraft.world.entity.player.Player
[181月2026 16:50:05.201] [main/DEBUG] [mixin/]: Mixing PlayerEntityMixin from playerAnimator-common.mixins.json into net.minecraft.world.entity.player.Player
[181月2026 16:50:05.201] [main/DEBUG] [mixin/]: playerAnimator-common.mixins.json:PlayerEntityMixin: Class version 61 required is higher than the class version supported by the current version of Mixin (JAVA_16 supports class version 60)
[181月2026 16:50:05.210] [main/DEBUG] [mixin/]: Mixing PlayerMixin from fdbosses.mixins.json into net.minecraft.world.entity.player.Player
[181月2026 16:50:05.211] [main/DEBUG] [mixin/]: Mixing PlayerEntityAccessor from bettercombat.mixins.json into net.minecraft.world.entity.player.Player
[181月2026 16:50:05.215] [main/DEBUG] [mixin/]: Mixing PlayerEntityMixin from bettercombat.mixins.json into net.minecraft.world.entity.player.Player
[181月2026 16:50:05.223] [main/DEBUG] [mixin/]: Mixing PlayerMixin from dummmmmmy-common.mixins.json into net.minecraft.world.entity.player.Player
[181月2026 16:50:05.327] [main/DEBUG] [mixin/]: Mixing ItemMixin from moonlight-common.mixins.json into net.minecraft.world.item.Item
[181月2026 16:50:05.327] [main/DEBUG] [mixin/]: Mixing ItemMixin from moonlight.mixins.json into net.minecraft.world.item.Item
[181月2026 16:50:05.327] [main/DEBUG] [mixin/]: Mixing MixinItem from shouldersurfing.common.mixins.json into net.minecraft.world.item.Item
[181月2026 16:50:05.356] [main/DEBUG] [net.minecraftforge.coremod.transformer.CoreModBaseTransformer/COREMOD]: Transforming net/minecraft/world/entity/EntityType
[181月2026 16:50:05.380] [main/DEBUG] [mixin/]: Mixing EnchantmentMixin from bettercombat.mixins.json into net.minecraft.world.item.enchantment.Enchantment
[181月2026 16:50:05.402] [main/DEBUG] [mixin/]: Mixing PoiMixin from moonlight-common.mixins.json into net.minecraft.world.entity.ai.village.poi.PoiType
[181月2026 16:50:05.449] [main/DEBUG] [mixin/]: Mixing FireBlockMixin from moonlight.mixins.json into net.minecraft.world.level.block.FireBlock
[181月2026 16:50:05.512] [main/DEBUG] [mixin/]: Mixing NoteBlockInstrumentMixin from cataclysm.mixins.json into net.minecraft.world.level.block.state.properties.NoteBlockInstrument
[181月2026 16:50:05.512] [main/DEBUG] [mixin/]: Renaming @Invoker method newInstrument(Ljava/lang/String;ILjava/lang/String;Lnet/minecraft/core/Holder;Lnet/minecraft/world/level/block/state/properties/NoteBlockInstrument$Type;)Lnet/minecraft/world/level/block/state/properties/NoteBlockInstrument; to newInstrument_$md$0140e5$0 in cataclysm.mixins.json:NoteBlockInstrumentMixin
[181月2026 16:50:05.643] [main/DEBUG] [net.minecraftforge.coremod.transformer.CoreModBaseTransformer/COREMOD]: Transforming net/minecraft/world/level/block/LiquidBlock
[181月2026 16:50:05.652] [main/DEBUG] [mixin/]: Mixing accessor.DispenserBlockAccessor from moonlight-common.mixins.json into net.minecraft.world.level.block.DispenserBlock
[181月2026 16:50:05.654] [main/DEBUG] [mixin/]: Renaming @Accessor method getDispenserRegistry()Ljava/util/Map; to getDispenserRegistry_$md$0140e5$0 in moonlight-common.mixins.json:accessor.DispenserBlockAccessor
[181月2026 16:50:05.658] [main/DEBUG] [mixin/]: Mixing NoteBlockMixin from cataclysm.mixins.json into net.minecraft.world.level.block.NoteBlock
[181月2026 16:50:05.678] [main/DEBUG] [net.minecraftforge.coremod.transformer.CoreModBaseTransformer/COREMOD]: Transforming net/minecraft/world/level/block/StairBlock
[181月2026 16:50:05.712] [main/DEBUG] [net.minecraftforge.coremod.transformer.CoreModBaseTransformer/COREMOD]: Transforming net/minecraft/world/level/block/FlowerPotBlock
[181月2026 16:50:05.766] [main/DEBUG] [mixin/]: Mixing MixinPowderSnowBlock from curios.mixins.json into net.minecraft.world.level.block.PowderSnowBlock
[181月2026 16:50:05.881] [main/DEBUG] [mixin/]: Mixing accessor.DispenserBlockEntityAccessor from moonlight-common.mixins.json into net.minecraft.world.level.block.entity.DispenserBlockEntity
[181月2026 16:50:05.991] [main/DEBUG] [mixin/]: Mixing PistonBlockEntityMixin from moonlight-common.mixins.json into net.minecraft.world.level.block.piston.PistonMovingBlockEntity
[181月2026 16:50:06.118] [main/DEBUG] [mixin/]: Mixing CraftingMenuMixin from fdbosses.mixins.json into net.minecraft.world.inventory.CraftingMenu
[181月2026 16:50:06.160] [main/DEBUG] [mixin/]: Mixing EntityMixin from moonlight-common.mixins.json into net.minecraft.world.entity.Mob
[181月2026 16:50:06.208] [main/DEBUG] [net.minecraftforge.coremod.transformer.CoreModBaseTransformer/COREMOD]: Transforming net/minecraft/world/item/ItemStack
[181月2026 16:50:06.208] [main/DEBUG] [mixin/]: Mixing ItemStackMixin from bettercombat.mixins.json into net.minecraft.world.item.ItemStack
[181月2026 16:50:06.494] [main/DEBUG] [mixin/]: Mixing LightningEntityMixin from moonlight-common.mixins.json into net.minecraft.world.entity.LightningBolt
[181月2026 16:50:06.548] [main/DEBUG] [net.minecraftforge.coremod.transformer.CoreModBaseTransformer/COREMOD]: Transforming net/minecraft/world/entity/animal/frog/Tadpole
[181月2026 16:50:06.561] [main/DEBUG] [mixin/]: Mixing BlockItemMixin from moonlight-common.mixins.json into net.minecraft.world.item.BlockItem
[181月2026 16:50:06.588] [main/DEBUG] [mixin/]: Mixing RangedWeaponItemMixin from bettercombat.mixins.json into net.minecraft.world.item.ProjectileWeaponItem
[181月2026 16:50:06.603] [main/DEBUG] [mixin/]: Mixing SwordItemMixin from dummmmmmy-common.mixins.json into net.minecraft.world.item.SwordItem
[181月2026 16:50:06.609] [main/DEBUG] [mixin/]: Mixing ToolItemMixin from dummmmmmy-common.mixins.json into net.minecraft.world.item.DiggerItem
[181月2026 16:50:06.620] [main/DEBUG] [net.minecraftforge.coremod.transformer.CoreModBaseTransformer/COREMOD]: Transforming net/minecraft/world/item/BucketItem
[181月2026 16:50:06.626] [main/DEBUG] [mixin/]: Mixing MapItemMixin from moonlight-common.mixins.json into net.minecraft.world.item.MapItem
[181月2026 16:50:06.626] [main/DEBUG] [mixin/]: Renaming synthetic method lambda$update$1(Lnet/minecraft/world/level/saveddata/maps/MapItemSavedData;Lnet/minecraft/world/entity/Entity;Ljava/util/concurrent/atomic/AtomicBoolean;Lnet/minecraft/resources/ResourceLocation;Lnet/mehvahdjukaar/moonlight/api/map/CustomMapData;)V to md0140e5$lambda$update$1$0 in moonlight-common.mixins.json:MapItemMixin
[181月2026 16:50:06.626] [main/DEBUG] [mixin/]: Renaming synthetic method lambda$appendHoverText$0(Lnet/minecraft/world/level/saveddata/maps/MapItemSavedData;Lnet/minecraft/world/item/ItemStack;Ljava/util/List;Lnet/minecraft/resources/ResourceLocation;Lnet/mehvahdjukaar/moonlight/api/map/CustomMapData;)V to md0140e5$lambda$appendHoverText$0$1 in moonlight-common.mixins.json:MapItemMixin
[181月2026 16:50:06.640] [main/DEBUG] [mixin/]: Mixing ShearItemMixin from moonlight-common.mixins.json into net.minecraft.world.item.ShearsItem
[181月2026 16:50:06.640] [main/DEBUG] [mixin/]: Mixing MixinShearsItem from curios.mixins.json into net.minecraft.world.item.ShearsItem
[181月2026 16:50:06.666] [main/DEBUG] [mixin/]: Mixing ArmorStandFIxMixin from dummmmmmy-common.mixins.json into net.minecraft.world.item.ArmorStandItem
[181月2026 16:50:07.138] [main/DEBUG] [mixin/]: Mixing BeeGoalMixin from moonlight-common.mixins.json into net.minecraft.world.entity.animal.Bee$BeeGrowCropGoal
[181月2026 16:50:07.177] [main/DEBUG] [net.minecraftforge.coremod.transformer.CoreModBaseTransformer/COREMOD]: Transforming net/minecraft/world/entity/monster/Spider
[181月2026 16:50:07.202] [main/DEBUG] [net.minecraftforge.coremod.transformer.CoreModBaseTransformer/COREMOD]: Transforming net/minecraft/world/entity/monster/Zombie
[181月2026 16:50:07.218] [main/DEBUG] [net.minecraftforge.coremod.transformer.CoreModBaseTransformer/COREMOD]: Transforming net/minecraft/world/entity/monster/ZombieVillager
[181月2026 16:50:07.250] [main/DEBUG] [net.minecraftforge.coremod.transformer.CoreModBaseTransformer/COREMOD]: Transforming net/minecraft/world/entity/monster/Evoker$EvokerSummonSpellGoal
[181月2026 16:50:07.259] [main/DEBUG] [mixin/]: Mixing FixBlockPlaceContextMixin from moonlight-common.mixins.json into net.minecraft.world.item.context.BlockPlaceContext
[181月2026 16:50:07.363] [main/DEBUG] [mixin/]: Mixing ThrownPotionMixin from moonlight-common.mixins.json into net.minecraft.world.entity.projectile.ThrownPotion
[181月2026 16:50:07.388] [main/DEBUG] [net.minecraftforge.coremod.transformer.CoreModBaseTransformer/COREMOD]: Transforming net/minecraft/world/entity/animal/horse/SkeletonTrapGoal
[181月2026 16:50:07.400] [main/DEBUG] [net.minecraftforge.coremod.transformer.CoreModBaseTransformer/COREMOD]: Transforming net/minecraft/world/entity/monster/Strider
[181月2026 16:50:07.456] [main/DEBUG] [mixin/]: Mixing ServerPlayerMixin from moonlight-common.mixins.json into net.minecraft.server.level.ServerPlayer
[181月2026 16:50:07.488] [main/DEBUG] [mixin/]: Mixing LevelChunkMixin from moonlight-common.mixins.json into net.minecraft.world.level.chunk.LevelChunk
